ids,catalog_number,cad
2982635,7340,
2976075,242284,
2919768,2517 BTS,
2919362,SS 8MX-60S-36 (2517),
2873832,P23-5MGT-25,
2788490,7023BR,
2788489,7018BR,
2788488,7033BR,
2788487,7032BR,
2788486,7031BR,
2788485,7029BR,
2788484,7028BR,
2788483,7027BR,
2788482,7026BR,
2788481,7025BR,
2788480,7022BR,
2788479,7017BR,
2788478,7016BR,
2788477,7015BR,
2788476,7014BR,
2788475,7013BR,
2788474,7012BR,
2788473,7011BR,
2788472,7010BR,
2788471,7009BR,
2788470,7008BR,
2788469,6997BR,
2788468,6996BR,
2788467,6994BR,
2788466,6993BR,
2788465,6992BR,
2788464,6991BR,
2788463,6988BR,
2788462,6987BR,
2788461,6983BR,
2788460,6982BR,
2788459,6981BR,
2788458,6980BR,
2788457,6979BR,
2788456,6978BR,
2788455,6977BR,
2788454,6976BR,
2788453,6975BR,
2788452,6974BR,
2788451,7003BR,
2788450,7024BR,
2788449,7019BR,
2788448,7006BR,
2788447,7005BR,
2788446,7004BR,
2788445,6995BR,
2788444,6990BR,
2788443,6989BR,
2788442,6986BR,
2788441,6985BR,
2788440,6973BR,
2788439,7034BR,
2788438,7002BR,
2788437,7001BR,
2788436,7000BR,
2788435,6999BR,
2788434,6998BR,
2788433,7030BR,
2788432,7007BR,
2788431,6984BR,
2788430,7035BR,
2788429,7021BR,
2788428,7020BR,
2788427,30C3636,
2788426,21C3636,
2788425,36C4683,
2788424,49C4313,
2788423,42C4620,
2788422,44C4714,
2788421,42C4313,
2788420,42C4455,
2788419,46C3569,
2788418,43C4340,
2788417,44C3569,
2788416,32C4588,
2788415,24C4108,
2788414,39C4266,
2788413,28C4266,
2788412,20C4022,
2788411,47C4266,
2788410,33C3836,
2788409,36C4368,
2788408,28C4313,
2788407,03C3470,
2788406,30C3596,
2788405,42C4266,
2788404,40C3569,
2788403,40C3691,
2788402,46C4387,
2788401,20C3596,
2788400,25C4076,
2788399,34C3596,
2788398,27C4159,
2788397,41C4620,
2788396,28C3596,
2788395,47C4572,
2788394,19C3450,
2788393,38C4683,
2788392,43C4533,
2788391,23C4057,
2788390,26C3596,
2788389,45G5035,
2788388,97G3549,
2788387,75G3214,
2788386,72G2638,
2788385,28G4168,
2788384,21G3849,
2788383,80G2949,
2788382,77G3158,
2788381,93G3499,
2788380,94G3020,
2788379,29G4573,
2788378,28G3982,
2788377,28G3636,
2788376,27G4077,
2788375,36G4368,
2788374,22G4246,
2788373,30G4604,
2788372,28G4588,
2788371,20G3596,
2788370,25G4076,
2788369,29G3958,
2788368,34G3596,
2788367,28G3596,
2788366,49G4266,
2788365,12/C106,
2788364,11/C103,
2788363,10/C103,
2788362,9/C103,
2788361,8/C103,
2788360,7/C103,
2788359,6/C103,
2788358,5/C103,
2788357,4/C103,
2788356,3/C103,
2788355,2/C103,
2788354,SPC9500P,
2788353,CP99,CP99.zip
2788352,6/5VXP2000,
2788351,6/5VXP1900,
2788350,6/5VXP1500,
2788349,5/5VXP2000,
2788348,5/5VXP1900,
2788347,5/5VXP1500,
2788346,4/5VXP2000,
2788345,4/5VXP1900,
2788344,4/5VXP1500,
2788343,3/5VXP2000,
2788342,3/5VXP1900,
2788341,3/5VXP1500,
2788340,2/5VXP2000,
2788339,2/5VXP1900,
2788338,2/5VXP1500,
2788337,19MGT-6650-300,
2788336,19MGT-6270-300,
2788335,19MGT-6080-300,
2788334,19MGT-5890-300,
2788333,19MGT-5662-300,
2788332,19MGT-5491-300,
2788331,19MGT-5301-300,
2788330,19MGT-5111-300,
2788329,19MGT-4902-300,
2788328,19MGT-4522-300,
2788327,19MGT-4408-300,
2788326,19MGT-6650-250,
2788325,19MGT-6270-250,
2788324,19MGT-6080-250,
2788323,19MGT-5890-250,
2788322,19MGT-5662-250,
2788321,19MGT-5491-250,
2788320,19MGT-5301-250,
2788319,19MGT-5111-250,
2788318,19MGT-4902-250,
2788317,19MGT-4522-250,
2788316,19MGT-4408-250,
2788315,19MGT-6650-200,
2788314,19MGT-6270-200,
2788313,19MGT-6080-200,
2788312,19MGT-5890-200,
2788311,19MGT-5662-200,
2788310,19MGT-5491-200,
2788309,19MGT-5301-200,
2788308,19MGT-5111-200,
2788307,19MGT-4902-200,
2788306,19MGT-4522-200,
2788305,19MGT-4408-200,
2788304,19MGT-6650-150,
2788303,19MGT-6270-150,
2788302,19MGT-6080-150,
2788301,19MGT-5890-150,
2788300,19MGT-5662-150,
2788299,19MGT-5491-150,
2788298,19MGT-5301-150,
2788297,19MGT-5111-150,
2788296,19MGT-4902-150,
2788295,19MGT-4522-150,
2788294,19MGT-4408-150,
2788293,19MGT-6650-100,
2788292,19MGT-6270-100,
2788291,19MGT-6080-100,
2788290,19MGT-5890-100,
2788289,19MGT-5662-100,
2788288,19MGT-5491-100,
2788287,19MGT-5301-100,
2788286,19MGT-5111-100,
2788285,19MGT-4902-100,
2788284,19MGT-4522-100,
2788283,19MGT-4408-100,
2788282,14ADV-4410-125,
2788281,14ADV-4326-125,
2788280,14ADV-3920-125,
2788279,14ADV-3850-125,
2788278,14ADV-3500-125,
2788277,14ADV-3360-125,
2788276,14ADV-3304-125,
2788275,14ADV-3136-125,
2788274,14ADV-2828-125,
2788273,14ADV-2800-125,
2788272,14ADV-2730-125,
2788271,14ADV-2660-125,
2788270,14ADV-2590-125,
2788269,14ADV-2520-125,
2788268,14ADV-2450-125,
2788267,14ADV-2380-125,
2788266,14ADV-2310-125,
2788265,14ADV-2240-125,
2788264,14ADV-2100-125,
2788263,14ADV-1960-125,
2788262,14ADV-1890-125,
2788261,14ADV-1750-125,
2788260,14ADV-1610-125,
2788259,14ADV-1568-125,
2788258,14ADV-1400-125,
2788257,14ADV-1260-125,
2788256,14ADV-1190-125,
2788255,14ADV-1120-125,
2788254,14ADV-994-125,
2788253,14ADV-4410-90,
2788252,14ADV-4326-90,
2788251,14ADV-3920-90,
2788250,14ADV-3850-90,
2788249,14ADV-3500-90,
2788248,14ADV-3360-90,
2788247,14ADV-3304-90,
2788246,14ADV-3136-90,
2788245,14ADV-2828-90,
2788244,14ADV-2800-90,
2788243,14ADV-2730-90,
2788242,14ADV-2660-90,
2788241,14ADV-2590-90,
2788240,14ADV-2520-90,
2788239,14ADV-2450-90,
2788238,14ADV-2380-90,
2788237,14ADV-2310-90,
2788236,14ADV-2240-90,
2788235,14ADV-2100-90,
2788234,14ADV-1960-90,
2788233,14ADV-1890-90,
2788232,14ADV-1750-90,
2788231,14ADV-1610-90,
2788230,14ADV-1568-90,
2788229,14ADV-1400-90,
2788228,14ADV-1260-90,
2788227,14ADV-1190-90,
2788226,14ADV-1120-90,
2788225,14ADV-994-90,
2788224,14ADV-4410-68,
2788223,14ADV-4326-68,
2788222,14ADV-3920-68,
2788221,14ADV-3850-68,
2788220,14ADV-3500-68,
2788219,14ADV-3360-68,
2788218,14ADV-3304-68,
2788217,14ADV-3136-68,
2788216,14ADV-2828-68,
2788215,14ADV-2800-68,
2788214,14ADV-2730-68,
2788213,14ADV-2660-68,
2788212,14ADV-2590-68,
2788211,14ADV-2520-68,
2788210,14ADV-2450-68,
2788209,14ADV-2380-68,
2788208,14ADV-2310-68,
2788207,14ADV-2240-68,
2788206,14ADV-2100-68,
2788205,14ADV-1960-68,
2788204,14ADV-1890-68,
2788203,14ADV-1750-68,
2788202,14ADV-1610-68,
2788201,14ADV-1568-68,
2788200,14ADV-1400-68,
2788199,14ADV-1260-68,
2788198,14ADV-1190-68,
2788197,14ADV-1120-68,
2788196,14ADV-994-68,
2788195,14ADV-4410-37,
2788194,14ADV-4326-37,
2788193,14ADV-3920-37,
2788192,14ADV-3850-37,
2788191,14ADV-3500-37,
2788190,14ADV-3360-37,
2788189,14ADV-3304-37,
2788188,14ADV-3136-37,
2788187,14ADV-2828-37,
2788186,14ADV-2800-37,
2788185,14ADV-2730-37,
2788184,14ADV-2660-37,
2788183,14ADV-2590-37,
2788182,14ADV-2520-37,
2788181,14ADV-2450-37,
2788180,14ADV-2380-37,
2788179,14ADV-2310-37,
2788178,14ADV-2240-37,
2788177,14ADV-2100-37,
2788176,14ADV-1960-37,
2788175,14ADV-1890-37,
2788174,14ADV-1750-37,
2788173,14ADV-1610-37,
2788172,14ADV-1568-37,
2788171,14ADV-1400-37,
2788170,14ADV-1260-37,
2788169,14ADV-1190-37,
2788168,14ADV-1120-37,
2788167,14ADV-994-37,
2788166,14ADV-4410-20,
2788165,14ADV-4326-20,
2788164,14ADV-3920-20,
2788163,14ADV-3850-20,
2788162,14ADV-3500-20,
2788161,14ADV-3360-20,
2788160,14ADV-3304-20,
2788159,14ADV-3136-20,
2788158,14ADV-2828-20,
2788157,14ADV-2800-20,
2788156,14ADV-2730-20,
2788155,14ADV-2660-20,
2788154,14ADV-2590-20,
2788153,14ADV-2520-20,
2788152,14ADV-2450-20,
2788151,14ADV-2380-20,
2788150,14ADV-2310-20,
2788149,14ADV-2240-20,
2788148,14ADV-2100-20,
2788147,14ADV-1960-20,
2788146,14ADV-1890-20,
2788145,14ADV-1750-20,
2788144,14ADV-1610-20,
2788143,14ADV-1568-20,
2788142,14ADV-1400-20,
2788141,14ADV-1260-20,
2788140,14ADV-1190-20,
2788139,14ADV-1120-20,
2788138,14ADV-994-20,
2788137,14MGT-9660EL-125,
2788136,14MGT-8960EL-125,
2788135,14MGT-8260EL-125,
2788134,14MGT-7560EL-125,
2788133,14MGT-6860EL-125,
2788132,14MGT-6160EL-125,
2788131,14MGT-5740EL-125,
2788130,14MGT-5320EL-125,
2788129,14MGT-4956EL-125,
2788128,14MGT-4578EL-125,
2788127,14MGT-9660EL-90,
2788126,14MGT-8960EL-90,
2788125,14MGT-8260EL-90,
2788124,14MGT-7560EL-90,
2788123,14MGT-9660EL-68,
2788122,14MGT-8960EL-68,
2788121,14MGT-8260EL-68,
2788120,14MGT-7560EL-68,
2788119,14MGT-9660EL-37,
2788118,14MGT-8960EL-37,
2788117,14MGT-8260EL-37,
2788116,14MGT-7560EL-37,
2788115,14GTV-4410-125,
2788114,14GTV-4326-125,
2788113,14GTV-3920-125,
2788112,14GTV-3850-125,
2788111,14GTV-3500-125,
2788110,14GTV-3360-125,
2788109,14GTV-3304-125,
2788108,14GTV-3136-125,
2788107,14GTV-2828-125,
2788106,14GTV-2800-125,
2788105,14GTV-2730-125,
2788104,14GTV-2660-125,
2788103,14GTV-2590-125,
2788102,14GTV-2520-125,
2788101,14GTV-2450-125,
2788100,14GTV-2380-125,
2788099,14GTV-2310-125,
2788098,14GTV-2240-125,
2788097,14GTV-2100-125,
2788096,14GTV-1960-125,
2788095,14GTV-1890-125,
2788094,14GTV-1750-125,
2788093,14GTV-1610-125,
2788092,14GTV-1568-125,
2788091,14GTV-1400-125,
2788090,14GTV-1260-125,
2788089,14GTV-1190-125,
2788088,14GTV-1120-125,
2788087,14GTV-994-125,
2788086,14GTV-4410-90,
2788085,14GTV-4326-90,
2788084,14GTV-3920-90,
2788083,14GTV-3850-90,
2788082,14GTV-3500-90,
2788081,14GTV-3360-90,
2788080,14GTV-3304-90,
2788079,14GTV-3136-90,
2788078,14GTV-2828-90,
2788077,14GTV-2800-90,
2788076,14GTV-2730-90,
2788075,14GTV-2660-90,
2788074,14GTV-2590-90,
2788073,14GTV-2520-90,
2788072,14GTV-2450-90,
2788071,14GTV-2380-90,
2788070,14GTV-2310-90,
2788069,14GTV-2240-90,
2788068,14GTV-2100-90,
2788067,14GTV-1960-90,
2788066,14GTV-1890-90,
2788065,14GTV-1750-90,
2788064,14GTV-1610-90,
2788063,14GTV-1568-90,
2788062,14GTV-1400-90,
2788061,14GTV-1260-90,
2788060,14GTV-1190-90,
2788059,14GTV-1120-90,
2788058,14GTV-994-90,
2788057,14GTV-4410-68,
2788056,14GTV-4326-68,
2788055,14GTV-3920-68,
2788054,14GTV-3850-68,
2788053,14GTV-3500-68,
2788052,14GTV-3360-68,
2788051,14GTV-3304-68,
2788050,14GTV-3136-68,
2788049,14GTV-2828-68,
2788048,14GTV-2800-68,
2788047,14GTV-2730-68,
2788046,14GTV-2660-68,
2788045,14GTV-2590-68,
2788044,14GTV-2520-68,
2788043,14GTV-2450-68,
2788042,14GTV-2380-68,
2788041,14GTV-2310-68,
2788040,14GTV-2240-68,
2788039,14GTV-2100-68,
2788038,14GTV-1960-68,
2788037,14GTV-1890-68,
2788036,14GTV-1750-68,
2788035,14GTV-1610-68,
2788034,14GTV-1568-68,
2788033,14GTV-1400-68,
2788032,14GTV-1260-68,
2788031,14GTV-1190-68,
2788030,14GTV-1120-68,
2788029,14GTV-994-68,
2788028,14GTV-2828-37,
2788027,14GTV-2730-37,
2788026,14GTV-1960-37,
2788025,14GTV-1890-37,
2788024,14GTV-1750-37,
2788023,14GTV-1610-37,
2788022,14GTV-1568-37,
2788021,14GTV-1400-37,
2788020,14GTV-1260-37,
2788019,14GTV-1190-37,
2788018,14GTV-1120-37,
2788017,14GTV-2828-20,
2788016,14GTV-2730-20,
2788015,14GTV-1960-20,
2788014,14GTV-1890-20,
2788013,14GTV-1750-20,
2788012,14GTV-1610-20,
2788011,14GTV-1568-20,
2788010,14GTV-1400-20,
2788009,14GTV-1260-20,
2788008,14GTV-1190-20,
2788007,14GTV-1120-20,
2788006,8GTV-4480-62,
2788005,8GTV-4400-62,
2788004,8GTV-4000-62,
2788003,8GTV-3600-62,
2788002,8GTV-3280-62,
2788001,8GTV-3200-62,
2788000,8GTV-3048-62,
2787999,8GTV-2840-62,
2787998,8GTV-2800-62,
2787997,8GTV-2600-62,
2787996,8GTV-2520-62,
2787995,8GTV-2400-62,
2787994,8GTV-2240-62,
2787993,8GTV-2200-62,
2787992,8GTV-2000-62,
2787991,8GTV-1792-62,
2787990,8GTV-1760-62,
2787989,8GTV-1600-62,
2787988,8GTV-1440-62,
2787987,8GTV-1280-62,
2787986,8GTV-1224-62,
2787985,8GTV-1200-62,
2787984,8GTV-1120-62,
2787983,8GTV-1040-62,
2787982,8GTV-1000-62,
2787981,8GTV-960-62,
2787980,8GTV-896-62,
2787979,8GTV-800-62,
2787978,8GTV-720-62,
2787977,8GTV-640-62,
2787976,8GTV-4400-36,
2787975,8GTV-1440-36,
2787974,8GTV-1280-36,
2787973,8GTV-1224-36,
2787972,8GTV-1200-36,
2787971,8GTV-1120-36,
2787970,8GTV-1040-36,
2787969,8GTV-1000-36,
2787968,8GTV-960-36,
2787967,8GTV-896-36,
2787966,8GTV-800-36,
2787965,8GTV-720-36,
2787964,8GTV-640-36,
2787963,8GTV-4400-21,
2787962,8GTV-1440-21,
2787961,8GTV-1280-21,
2787960,8GTV-1224-21,
2787959,8GTV-1200-21,
2787958,8GTV-1120-21,
2787957,8GTV-1040-21,
2787956,8GTV-1000-21,
2787955,8GTV-960-21,
2787954,8GTV-896-21,
2787953,8GTV-800-21,
2787952,8GTV-720-21,
2787951,8GTV-640-21,
2787950,8GTV-4480-12,
2787949,8GTV-4400-12,
2787948,8GTV-4000-12,
2787947,8GTV-3600-12,
2787946,8GTV-3280-12,
2787945,8GTV-3200-12,
2787944,8GTV-3048-12,
2787943,8GTV-2840-12,
2787942,8GTV-2800-12,
2787941,8GTV-2600-12,
2787940,8GTV-2520-12,
2787939,8GTV-2400-12,
2787938,8GTV-2240-12,
2787937,8GTV-2200-12,
2787936,8GTV-2000-12,
2787935,8GTV-1792-12,
2787934,8GTV-1760-12,
2787933,8GTV-1600-12,
2787932,8GTV-1440-12,
2787931,8GTV-1280-12,
2787930,8GTV-1224-12,
2787929,8GTV-1200-12,
2787928,8GTV-1120-12,
2787927,8GTV-1040-12,
2787926,8GTV-1000-12,
2787925,8GTV-960-12,
2787924,8GTV-896-12,
2787923,8GTV-800-12,
2787922,8GTV-720-12,
2787921,8GTV-640-12,
2385911,6/5VXP1800,
2385910,6/5VXP1600,
2385909,6/5VXP1400,
2385908,6/5VXP1320,
2385907,6/5VXP1250,
2385906,6/5VXP1180,
2385905,6/5VXP1120,
2385904,6/5VXP1060,
2385903,6/5VXP1000,
2385902,6/5VXP950,
2385901,6/5VXP900,
2385900,6/5VXP850,
2385899,6/5VXP800,
2385898,6/5VXP750,
2385897,6/5VXP710,
2385896,5/5VXP1800,
2385895,5/5VXP1600,
2385894,5/5VXP1400,
2385893,5/5VXP1320,
2385892,5/5VXP1250,
2385891,5/5VXP1180,
2385890,5/5VXP1120,
2385889,5/5VXP1060,
2385888,5/5VXP1000,
2385887,5/5VXP950,
2385886,5/5VXP900,
2385885,5/5VXP850,
2385884,5/5VXP800,
2385883,5/5VXP750,
2385882,5/5VXP710,
2385881,4/5VXP1800,
2385880,4/5VXP1600,
2385879,4/5VXP1400,
2385878,4/5VXP1320,
2385877,4/5VXP1250,
2385876,4/5VXP1180,
2385875,4/5VXP1120,
2385874,4/5VXP1060,
2385873,4/5VXP1000,
2385872,4/5VXP950,
2385871,4/5VXP900,
2385870,4/5VXP850,
2385869,4/5VXP800,
2385868,4/5VXP750,
2385867,4/5VXP710,
2385866,3/5VXP1800,
2385865,3/5VXP1600,
2385864,3/5VXP1400,
2385863,3/5VXP1320,
2385862,3/5VXP1250,
2385861,3/5VXP1180,
2385860,3/5VXP1120,
2385859,3/5VXP1060,
2385858,3/5VXP1000,
2385857,3/5VXP950,
2385856,3/5VXP900,
2385855,3/5VXP850,
2385854,3/5VXP800,
2385853,3/5VXP750,
2385852,3/5VXP710,
2385851,2/5VXP1800,
2385850,2/5VXP1600,
2385849,2/5VXP1400,
2385848,2/5VXP1320,
2385847,2/5VXP1250,
2385846,2/5VXP1180,
2385845,2/5VXP1120,
2385844,2/5VXP1060,
2385843,2/5VXP1000,
2385842,2/5VXP950,
2385841,2/5VXP900,
2385840,2/5VXP850,
2385839,2/5VXP800,
2385838,2/5VXP750,
2385837,2/5VXP710,
2385836,5VXP2000,
2385835,5VXP1900,
2385834,5VXP1800,
2385833,5VXP1700,
2385832,5VXP1600,
2385831,5VXP1500,
2385830,5VXP1400,
2385829,5VXP1320,
2385828,5VXP1250,
2385827,5VXP1230,
2385826,5VXP1180,
2385825,5VXP1120,
2385824,5VXP1080,
2385823,5VXP1060,
2385822,5VXP1030,
2385821,5VXP1000,
2385820,5VXP950,
2385819,5VXP900,
2385818,5VXP850,
2385817,5VXP800,
2385816,5VXP750,
2385815,5VXP710,
2385814,5VXP670,
2385813,5VXP630,
2385812,5VXP600,
2385806,SS,
2385806,SS,
2385803,1310,
2385803,1310,
2385803,1310,
2385802,E,
2385800,SD,
2385800,SD,
2385794,W,
2385794,W,
2385794,W,
2385794,W,
2385794,W,
2385794,W,
2385792,P,
2385792,P,
2385788,N,
2385788,N,
2385788,N,
2385788,N,
2385787,M,
2385786,2VP60,
2385785,QD10B25.0,
2385784,F192-14MGT-55-3020,
2385783,P72-5MGT-15AL,
2385782,P70-5MGT-15AL,
2385781,P62-5MGT-15AL,
2385780,P60-5MGT-15AL,
2385779,P56-5MGT-15AL,
2385778,P50-5MGT-15AL,
2385777,P48-5MGT-15AL,
2385776,P44-5MGT-15AL,
2385775,P40-5MGT-15AL,
2385774,P38-5MGT-15AL,
2385773,P36-5MGT-15AL,
2385772,P34-5MGT-15AL,
2385771,P32-5MGT-15AL,
2385770,P30-5MGT-15AL,
2385769,P28-5MGT-15AL,
2385768,P26-5MGT-15AL,
2385767,P25-5MGT-15AL,
2385766,P24-5MGT-15AL,
2385765,P22-5MGT-15AL,
2385764,P20-5MGT-15AL,
2385763,P19-5MGT-15AL,
2385762,P18-5MGT-15AL,
2385761,P16-5MGT-15AL,
2385760,P15-5MGT-15AL,
2385759,P14-5MGT-15AL,
2385758,P13-5MGT-15AL,
2385757,P12-5MGT-15AL,
2385756,P72-5MGT-09AL,
2385755,P70-5MGT-09AL,
2385754,P62-5MGT-09AL,
2385753,P60-5MGT-09AL,
2385752,P56-5MGT-09AL,
2385751,P50-5MGT-09AL,
2385750,P48-5MGT-09AL,
2385749,P44-5MGT-09AL,
2385748,P40-5MGT-09AL,
2385747,P38-5MGT-09AL,
2385746,P36-5MGT-09AL,
2385745,P34-5MGT-09AL,
2385744,P32-5MGT-09AL,
2385743,P30-5MGT-09AL,
2385742,P28-5MGT-09AL,
2385741,P26-5MGT-09AL,
2385740,P25-5MGT-09AL,
2385739,P24-5MGT-09AL,
2385738,P22-5MGT-09AL,
2385737,P20-5MGT-09AL,
2385736,P19-5MGT-09AL,
2385735,P18-5MGT-09AL,
2385734,P17-5MGT-09AL,
2385733,P16-5MGT-09AL,
2385732,P15-5MGT-09AL,
2385731,P14-5MGT-09AL,
2385730,P13-5MGT-09AL,
2385729,P12-5MGT-09AL,
2385728,6852BR,
2385727,6964BR,
2385726,6963BR,
2385725,6962BR,
2385724,6961BR,
2385723,6960BR,
2385722,6959BR,
2385721,6958BR,
2385720,6957BR,
2385719,6956BR,
2385718,6955BR,
2385717,6954BR,
2385716,6953BR,
2385715,6952BR,
2385714,6951BR,
2385713,6903BR,
2385712,6942BR,
2385711,6941BR,
2385710,6925BR,
2385709,6972BR,
2385708,6971BR,
2385707,6970BR,
2385706,6950BR,
2385705,6949BR,
2385704,6948BR,
2385703,6947BR,
2385702,6946BR,
2385701,6945BR,
2385700,6944BR,
2385699,6943BR,
2385698,6935BR,
2385697,6934BR,
2385696,6933BR,
2385695,6928BR,
2385694,6927BR,
2385693,6924BR,
2385692,6923BR,
2385691,6922BR,
2385690,6921BR,
2385689,6920BR,
2385688,6919BR,
2385687,6918BR,
2385686,6917BR,
2385685,6916BR,
2385684,6914BR,
2385683,6906BR,
2385682,6905BR,
2385681,6904BR,
2385680,6902BR,
2385679,6901BR,
2385678,6900BR,
2385677,6899BR,
2385676,6898BR,
2385675,6897BR,
2385674,6896BR,
2385673,6893BR,
2385672,6892BR,
2385671,6891BR,
2385670,6890BR,
2385669,6889BR,
2385668,6884BR,
2385667,6883BR,
2385666,6882BR,
2385665,6881BR,
2385664,6880BR,
2385663,6879BR,
2385662,6878BR,
2385661,6877BR,
2385660,6876BR,
2385659,6875BR,
2385658,6874BR,
2385657,6873BR,
2385656,6872BR,
2385655,6871BR,
2385654,6866BR,
2385653,6865BR,
2385652,6864BR,
2385651,6862BR,
2385650,6861BR,
2385649,6860BR,
2385648,6859BR,
2385647,6858BR,
2385646,6857BR,
2385645,6856BR,
2385644,6855BR,
2385643,6854BR,
2385642,6853BR,
2385641,6849BR,
2385640,6848BR,
2385639,6847BR,
2385638,6845BR,
2385637,6844BR,
2385636,6843BR,
2385635,6842BR,
2385634,6840BR,
2385633,6837BR,
2385632,6939BR,
2385631,6913BR,
2385630,6912BR,
2385629,6911BR,
2385628,6910BR,
2385627,6909BR,
2385626,6908BR,
2385625,6907BR,
2385624,6886BR,
2385623,6846BR,
2385622,6895BR,
2385621,6894BR,
2385620,6915BR,
2385619,6863BR,
2385618,6938BR,
2385617,6937BR,
2385616,6936BR,
2385615,6885BR,
2385614,6870BR,
2385613,6869BR,
2385612,6868BR,
2385611,6867BR,
2385610,6851BR,
2385609,6850BR,
2385608,6968BR,
2385607,6940BR,
2385606,6926BR,
2385605,6888BR,
2385604,6887BR,
2385603,6969BR,
2385602,6967BR,
2385601,6966BR,
2385600,6965BR,
2385599,6932BR,
2385598,6931BR,
2385597,6930BR,
2385596,6929BR,
2385595,6841BR,
2385594,BBVO/350,BBVO%2F350.zip
2385593,40C4313,
2385592,48C4246,
2385591,23C4140,
2385590,19C4022,
2385589,27C3450,
2385588,23C3836,
2385587,11C3218,
2385586,41C4651,
2385585,44C4266,
2385584,40C4683,
2385583,21C4140,
2385582,37C4604,
2385581,38C4494,
2385580,29C3596,
2385579,43C3596,
2385578,13C3218,
2385577,19C3218,
2385576,19C3982,
2385575,24C4022,
2385574,46C3596,
2385573,49C4246,
2385572,49C4266,
2385571,44C4553,
2385570,40C4340,
2385569,39C4455,
2385568,30C3750,
2385567,48C4553,
2385566,43C4210,
2385565,47C4651,
2385564,68G3108,
2385563,48G5122,
2385562,37G4322,
2385561,20G4272,
2385560,45G4222,
2385559,20G4154,
2385558,37G3672,
2385557,98G3541,
2385556,69G2919,
2385555,95G3021,
2385554,73G2644,
2385553,67G3470,
2385552,70G2809,
2385551,78G3640,
2385550,24G3884,
2385549,24G5596,
2385548,26G3628,
2385547,40G5053,
2385546,50G4966,
2385545,46G4821,
2385544,45G4809,
2385543,39G4640,
2385542,39G4289,
2385541,40G4238,
2385540,34G4238,
2385539,25G4238,
2385538,26G4435,
2385537,31G4329,
2385536,21G4380,
2385535,21G3353,
2385534,38G4683,
2385533,28G4573,
2385532,26G3596,
2385531,40G3569,
2385530,40G3691,
2385529,23G4340,
2385528,33G4828,
2385527,37G4604,
2385526,47G4572,
2385525,43G4533,
2385524,38G4494,
2385523,28G4313,
2385522,38G4266,
2385521,21G4140,
2385520,33G3836,
2385519,23G3836,
2385518,27G3450,
2385517,44G3569,
2385516,44G4714,
2385515,40G4651,
2385514,45G4340,
2385513,40G4340,
2385512,44G4266,
2385511,42G4266,
2385510,36G4683,
2385509,37G4620,
2385508,44G4553,
2385507,13G3218,
2385506,19G3332,
2385505,19G3450,
2385504,26G5407,
2385503,23G4057,
2385502,42G3935,
2385501,31G3569,
2385500,23G4140,
2385499,23G3805,
2385498,23G3935,
2385497,30G3636,
2385496,46G3569,
2385495,16G3332,
2385494,27G4313,
2385493,24G4022,
2385492,20G4022E,
2385491,20G3982,
2385490,46G3596,
2385489,43G3596,
2385488,11G3218,
2385487,43G4246,
2385486,43G4266,
2385485,42G4553,
2385484,42G4714,
2385483,47G4651,
2385482,41G4651,
2385481,45G4368,
2385480,47G4340,
2385479,29G4340,
2385478,49G4246,
2385477,43G4210,
2385476,48G4246,
2385475,28G4266,
2385474,23G4246,
2385473,44G5077,
2385472,43G4340,
2385471,39G4266,
2385470,45G4514,
2385469,41G5116,
2385468,42G4683,
2385467,40G4683,
2385466,42G4620,
2385465,39G4620,
2385464,37G4474,
2385463,42G4455,
2385462,39G4455,
2385461,45G4313,
2385460,49G4313,
2385459,42G4313,
2385458,33G4313,
2385457,48G4553,
2385456,19G3982E,
2385455,19G4006E,
2385454,20G4022,
2385453,19G3982,
2385452,19G4022,
2385451,19G3218,
2385450,03G3470,
2385449,30G3596,
2385448,24G4108,
2385447,29G4077,
2385446,32G4588,
2385445,29G3596,
2385444,30G3750,
2385443,40G4313,
2385442,BB155FP,
2385441,BB172FP,
2385440,BB158FP,
2385439,AA148FP,
2385438,12/CX173,
2385437,12/CX162,
2385436,12/CX144,
2385435,12/CX136,
2385434,12/CX120,
2385433,12/CX112,
2385432,12/CX105,
2385431,12/CX100,
2385430,12/CX96,
2385429,12/CX90,
2385428,12/CX85,
2385427,12/CX81,
2385426,12/CX75,
2385425,11/CX173,
2385424,11/CX162,
2385423,11/CX144,
2385422,11/CX136,
2385421,11/CX120,
2385420,11/CX112,
2385419,11/CX105,
2385418,11/CX100,
2385417,11/CX96,
2385416,11/CX90,
2385415,11/CX85,
2385414,11/CX81,
2385413,11/CX75,
2385412,10/CX173,
2385411,10/CX162,
2385410,10/CX144,
2385409,10/CX136,
2385408,10/CX120,
2385407,10/CX112,
2385406,10/CX105,
2385405,10/CX100,
2385404,10/CX96,
2385403,10/CX90,
2385402,10/CX85,
2385401,10/CX81,
2385400,10/CX75,
2385399,9/CX173,
2385398,9/CX162,
2385397,9/CX144,
2385396,9/CX136,
2385395,9/CX120,
2385394,9/CX112,
2385393,9/CX105,
2385392,9/CX100,
2385391,9/CX96,
2385390,9/CX90,
2385389,9/CX85,
2385388,9/CX81,
2385387,9/CX75,
2385386,8/CX173,
2385385,8/CX162,
2385384,8/CX144,
2385383,8/CX136,
2385382,8/CX120,
2385381,8/CX112,
2385380,8/CX105,
2385379,8/CX100,
2385378,8/CX96,
2385377,8/CX90,
2385376,8/CX85,
2385375,8/CX81,
2385374,8/CX75,
2385373,7/CX173,
2385372,7/CX162,
2385371,7/CX144,
2385370,7/CX136,
2385369,7/CX120,
2385368,7/CX112,
2385367,7/CX105,
2385366,7/CX100,
2385365,7/CX96,
2385364,7/CX90,
2385363,7/CX85,
2385362,7/CX81,
2385361,7/CX75,
2385360,6/CX173,
2385359,6/CX162,
2385358,6/CX144,
2385357,6/CX136,
2385356,6/CX120,
2385355,6/CX112,
2385354,6/CX105,
2385353,6/CX100,
2385352,6/CX96,
2385351,6/CX90,
2385350,6/CX85,
2385349,6/CX81,
2385348,6/CX75,
2385347,5/CX173,
2385346,5/CX162,
2385345,5/CX144,
2385344,5/CX136,
2385343,5/CX120,
2385342,5/CX112,
2385341,5/CX105,
2385340,5/CX100,
2385339,5/CX96,
2385338,5/CX90,
2385337,5/CX85,
2385336,5/CX81,
2385335,5/CX75,
2385334,4/CX173,
2385333,4/CX162,
2385332,4/CX144,
2385331,4/CX136,
2385330,4/CX120,
2385329,4/CX112,
2385328,4/CX105,
2385327,4/CX100,
2385326,4/CX96,
2385325,4/CX90,
2385324,4/CX85,
2385323,4/CX81,
2385322,4/CX75,
2385321,3/CX173,
2385320,3/CX162,
2385319,3/CX144,
2385318,3/CX136,
2385317,3/CX120,
2385316,3/CX112,
2385315,3/CX105,
2385314,3/CX100,
2385313,3/CX96,
2385312,3/CX90,
2385311,3/CX85,
2385310,3/CX81,
2385309,3/CX75,
2385308,2/CX173,
2385307,2/CX162,
2385306,2/CX144,
2385305,2/CX136,
2385304,2/CX120,
2385303,2/CX112,
2385302,2/CX105,
2385301,2/CX100,
2385300,2/CX96,
2385299,2/CX90,
2385298,2/CX85,
2385297,2/CX81,
2385296,2/CX75,
2385295,12/BX158,
2385294,12/BX144,
2385293,12/BX140,
2385292,12/BX136,
2385291,12/BX131,
2385290,12/BX128,
2385289,12/BX112,
2385288,12/BX105,
2385287,12/BX103,
2385286,12/BX100,
2385285,12/BX97,
2385284,12/BX96,
2385283,12/BX93,
2385282,12/BX90,
2385281,12/BX87,
2385280,12/BX85,
2385279,12/BX84,
2385278,12/BX83,
2385277,12/BX81,
2385276,12/BX79,
2385275,12/BX77,
2385274,12/BX75,
2385273,12/BX74,
2385272,12/BX71,
2385271,12/BX70,
2385270,12/BX68,
2385269,12/BX67,
2385268,12/BX66,
2385267,12/BX65,
2385266,12/BX64,
2385265,12/BX63,
2385264,12/BX62,
2385263,12/BX60,
2385262,12/BX58,
2385261,12/BX56,
2385260,12/BX55,
2385259,12/BX53,
2385258,12/BX51,
2385257,12/BX46,
2385256,12/BX42,
2385255,11/BX158,
2385254,11/BX144,
2385253,11/BX140,
2385252,11/BX136,
2385251,11/BX131,
2385250,11/BX128,
2385249,11/BX112,
2385248,11/BX105,
2385247,11/BX103,
2385246,11/BX100,
2385245,11/BX97,
2385244,11/BX96,
2385243,11/BX93,
2385242,11/BX90,
2385241,11/BX87,
2385240,11/BX85,
2385239,11/BX84,
2385238,11/BX83,
2385237,11/BX81,
2385236,11/BX79,
2385235,11/BX77,
2385234,11/BX75,
2385233,11/BX74,
2385232,11/BX71,
2385231,11/BX70,
2385230,11/BX68,
2385229,11/BX67,
2385228,11/BX66,
2385227,11/BX65,
2385226,11/BX64,
2385225,11/BX63,
2385224,11/BX62,
2385223,11/BX60,
2385222,11/BX58,
2385221,11/BX56,
2385220,11/BX55,
2385219,11/BX53,
2385218,11/BX51,
2385217,11/BX46,
2385216,11/BX42,
2385215,10/BX158,
2385214,10/BX144,
2385213,10/BX140,
2385212,10/BX136,
2385211,10/BX131,
2385210,10/BX128,
2385209,10/BX112,
2385208,10/BX105,
2385207,10/BX103,
2385206,10/BX100,
2385205,10/BX97,
2385204,10/BX96,
2385203,10/BX93,
2385202,10/BX90,
2385201,10/BX87,
2385200,10/BX85,
2385199,10/BX84,
2385198,10/BX83,
2385197,10/BX81,
2385196,10/BX79,
2385195,10/BX77,
2385194,10/BX75,
2385193,10/BX74,
2385192,10/BX71,
2385191,10/BX70,
2385190,10/BX68,
2385189,10/BX67,
2385188,10/BX66,
2385187,10/BX65,
2385186,10/BX64,
2385185,10/BX63,
2385184,10/BX62,
2385183,10/BX60,
2385182,10/BX58,
2385181,10/BX56,
2385180,10/BX55,
2385179,10/BX53,
2385178,10/BX51,
2385177,10/BX46,
2385176,10/BX42,
2385175,9/BX158,
2385174,9/BX144,
2385173,9/BX140,
2385172,9/BX136,
2385171,9/BX131,
2385170,9/BX128,
2385169,9/BX112,
2385168,9/BX105,
2385167,9/BX103,
2385166,9/BX100,
2385165,9/BX97,
2385164,9/BX96,
2385163,9/BX93,
2385162,9/BX90,
2385161,9/BX87,
2385160,9/BX85,
2385159,9/BX84,
2385158,9/BX83,
2385157,9/BX81,
2385156,9/BX79,
2385155,9/BX77,
2385154,9/BX75,
2385153,9/BX74,
2385152,9/BX71,
2385151,9/BX70,
2385150,9/BX68,
2385149,9/BX67,
2385148,9/BX66,
2385147,9/BX65,
2385146,9/BX64,
2385145,9/BX63,
2385144,9/BX62,
2385143,9/BX60,
2385142,9/BX58,
2385141,9/BX56,
2385140,9/BX55,
2385139,9/BX53,
2385138,9/BX51,
2385137,9/BX46,
2385136,9/BX42,
2385135,8/BX158,
2385134,8/BX144,
2385133,8/BX140,
2385132,8/BX136,
2385131,8/BX131,
2385130,8/BX128,
2385129,8/BX112,
2385128,8/BX105,
2385127,8/BX103,
2385126,8/BX100,
2385125,8/BX97,
2385124,8/BX96,
2385123,8/BX93,
2385122,8/BX90,
2385121,8/BX87,
2385120,8/BX85,
2385119,8/BX84,
2385118,8/BX83,
2385117,8/BX81,
2385116,8/BX79,
2385115,8/BX77,
2385114,8/BX75,
2385113,8/BX74,
2385112,8/BX71,
2385111,8/BX70,
2385110,8/BX68,
2385109,8/BX67,
2385108,8/BX66,
2385107,8/BX65,
2385106,8/BX64,
2385105,8/BX63,
2385104,8/BX62,
2385103,8/BX60,
2385102,8/BX58,
2385101,8/BX56,
2385100,8/BX55,
2385099,8/BX53,
2385098,8/BX51,
2385097,8/BX46,
2385096,8/BX42,
2385095,7/BX158,
2385094,7/BX144,
2385093,7/BX140,
2385092,7/BX136,
2385091,7/BX131,
2385090,7/BX128,
2385089,7/BX112,
2385088,7/BX105,
2385087,7/BX103,
2385086,7/BX100,
2385085,7/BX97,
2385084,7/BX96,
2385083,7/BX93,
2385082,7/BX90,
2385081,7/BX87,
2385080,7/BX85,
2385079,7/BX84,
2385078,7/BX83,
2385077,7/BX81,
2385076,7/BX79,
2385075,7/BX77,
2385074,7/BX75,
2385073,7/BX74,
2385072,7/BX71,
2385071,7/BX70,
2385070,7/BX68,
2385069,7/BX67,
2385068,7/BX66,
2385067,7/BX65,
2385066,7/BX64,
2385065,7/BX63,
2385064,7/BX62,
2385063,7/BX60,
2385062,7/BX58,
2385061,7/BX56,
2385060,7/BX55,
2385059,7/BX53,
2385058,7/BX51,
2385057,7/BX46,
2385056,7/BX42,
2385055,6/BX158,
2385054,6/BX144,
2385053,6/BX140,
2385052,6/BX136,
2385051,6/BX131,
2385050,6/BX128,
2385049,6/BX112,
2385048,6/BX105,
2385047,6/BX103,
2385046,6/BX100,
2385045,6/BX97,
2385044,6/BX96,
2385043,6/BX93,
2385042,6/BX90,
2385041,6/BX87,
2385040,6/BX85,
2385039,6/BX84,
2385038,6/BX83,
2385037,6/BX81,
2385036,6/BX79,
2385035,6/BX77,
2385034,6/BX75,
2385033,6/BX74,
2385032,6/BX71,
2385031,6/BX70,
2385030,6/BX68,
2385029,6/BX67,
2385028,6/BX66,
2385027,6/BX65,
2385026,6/BX64,
2385025,6/BX63,
2385024,6/BX62,
2385023,6/BX60,
2385022,6/BX58,
2385021,6/BX56,
2385020,6/BX55,
2385019,6/BX53,
2385018,6/BX51,
2385017,6/BX46,
2385016,6/BX42,
2385015,5/BX158,
2385014,5/BX144,
2385013,5/BX140,
2385012,5/BX136,
2385011,5/BX131,
2385010,5/BX128,
2385009,5/BX112,
2385008,5/BX105,
2385007,5/BX103,
2385006,5/BX100,
2385005,5/BX97,
2385004,5/BX96,
2385003,5/BX93,
2385002,5/BX90,
2385001,5/BX87,
2385000,5/BX85,
2384999,5/BX84,
2384998,5/BX83,
2384997,5/BX81,
2384996,5/BX79,
2384995,5/BX77,
2384994,5/BX75,
2384993,5/BX74,
2384992,5/BX71,
2384991,5/BX70,
2384990,5/BX68,
2384989,5/BX67,
2384988,5/BX66,
2384987,5/BX65,
2384986,5/BX64,
2384985,5/BX63,
2384984,5/BX62,
2384983,5/BX60,
2384982,5/BX58,
2384981,5/BX56,
2384980,5/BX55,
2384979,5/BX53,
2384978,5/BX51,
2384977,5/BX46,
2384976,5/BX42,
2384975,4/BX158,
2384974,4/BX144,
2384973,4/BX140,
2384972,4/BX136,
2384971,4/BX131,
2384970,4/BX128,
2384969,4/BX112,
2384968,4/BX105,
2384967,4/BX103,
2384966,4/BX100,
2384965,4/BX97,
2384964,4/BX96,
2384963,4/BX93,
2384962,4/BX90,
2384961,4/BX87,
2384960,4/BX85,
2384959,4/BX84,
2384958,4/BX83,
2384957,4/BX81,
2384956,4/BX79,
2384955,4/BX77,
2384954,4/BX75,
2384953,4/BX74,
2384952,4/BX71,
2384951,4/BX70,
2384950,4/BX68,
2384949,4/BX67,
2384948,4/BX66,
2384947,4/BX65,
2384946,4/BX64,
2384945,4/BX63,
2384944,4/BX62,
2384943,4/BX60,
2384942,4/BX58,
2384941,4/BX56,
2384940,4/BX55,
2384939,4/BX53,
2384938,4/BX51,
2384937,4/BX46,
2384936,4/BX42,
2384935,3/BX158,
2384934,3/BX144,
2384933,3/BX140,
2384932,3/BX136,
2384931,3/BX131,
2384930,3/BX128,
2384929,3/BX112,
2384928,3/BX105,
2384927,3/BX103,
2384926,3/BX100,
2384925,3/BX97,
2384924,3/BX96,
2384923,3/BX93,
2384922,3/BX90,
2384921,3/BX87,
2384920,3/BX85,
2384919,3/BX84,
2384918,3/BX83,
2384917,3/BX81,
2384916,3/BX79,
2384915,3/BX77,
2384914,3/BX75,
2384913,3/BX74,
2384912,3/BX71,
2384911,3/BX70,
2384910,3/BX68,
2384909,3/BX67,
2384908,3/BX66,
2384907,3/BX65,
2384906,3/BX64,
2384905,3/BX63,
2384904,3/BX62,
2384903,3/BX60,
2384902,3/BX58,
2384901,3/BX56,
2384900,3/BX55,
2384899,3/BX53,
2384898,3/BX51,
2384897,3/BX46,
2384896,3/BX42,
2384895,2/BX158,
2384894,2/BX144,
2384893,2/BX140,
2384892,2/BX136,
2384891,2/BX131,
2384890,2/BX112,
2384889,2/BX105,
2384888,2/BX103,
2384887,2/BX100,
2384886,2/BX97,
2384885,2/BX96,
2384884,2/BX93,
2384883,2/BX90,
2384882,2/BX87,
2384881,2/BX85,
2384880,2/BX84,
2384879,2/BX83,
2384878,2/BX81,
2384877,2/BX79,
2384876,2/BX77,
2384875,2/BX75,
2384874,2/BX74,
2384873,2/BX71,
2384872,2/BX70,
2384871,2/BX68,
2384870,2/BX67,
2384869,2/BX66,
2384868,2/BX65,
2384867,2/BX64,
2384866,2/BX63,
2384865,2/BX62,
2384864,2/BX60,
2384863,2/BX58,
2384862,2/BX56,
2384861,2/BX55,
2384860,2/BX53,
2384859,2/BX51,
2384858,2/BX46,
2384857,2/BX42,
2384856,12/B140,
2384855,11/B140,
2384854,10/B140,
2384853,9/B140,
2384852,8/B140,
2384851,7/B140,
2384850,6/B140,
2384849,5/B140,
2384848,4/B140,
2384847,3/B140,
2384846,2/B140,
2384845,B23,
2384844,A19,
2384843,A18,
2384842,16/5VP730,
2384841,15/5VP730,
2384840,14/5VP730,
2384839,13/5VP730,
2384838,12/5VP730,
2384837,11/5VP730,
2384836,10/5VP730,
2384835,9/5VP730,
2384834,8/5VP730,
2384833,7/5VP730,
2384832,6/5VP730,
2384831,5/5VP730,
2384830,4/5VP730,
2384829,3/5VP730,
2384828,2/5VP730,
2384827,12/CP360,
2384826,12/CP345,
2384825,12/CP330,
2384824,12/CP300,
2384823,12/CP255,
2384822,12/CP240,
2384821,12/CP225,
2384820,12/CP195,
2384819,12/CP158,
2384818,12/CP120,
2384817,12/CP112,
2384816,12/CP99,
2384815,12/CP90,
2384814,12/CP85,
2384813,12/CP81,
2384812,11/CP360,
2384811,11/CP345,
2384810,11/CP330,
2384809,11/CP300,
2384808,11/CP255,
2384807,11/CP240,
2384806,11/CP225,
2384805,11/CP195,
2384804,11/CP158,
2384803,11/CP120,
2384802,11/CP112,
2384801,11/CP99,
2384800,11/CP90,
2384799,11/CP85,
2384798,11/CP81,
2384797,10/CP360,
2384796,10/CP345,
2384795,10/CP330,
2384794,10/CP300,
2384793,10/CP255,
2384792,10/CP240,
2384791,10/CP225,
2384790,10/CP195,
2384789,10/CP158,
2384788,10/CP120,
2384787,10/CP112,
2384786,10/CP99,
2384785,10/CP90,
2384784,10/CP85,
2384783,10/CP81,
2384782,9/CP360,
2384781,9/CP345,
2384780,9/CP330,
2384779,9/CP300,
2384778,9/CP255,
2384777,9/CP240,
2384776,9/CP225,
2384775,9/CP195,
2384774,9/CP158,
2384773,9/CP120,
2384772,9/CP112,
2384771,9/CP99,
2384770,9/CP90,
2384769,9/CP85,
2384768,9/CP81,
2384767,8/CP360,
2384766,8/CP345,
2384765,8/CP330,
2384764,8/CP300,
2384763,8/CP255,
2384762,8/CP240,
2384761,8/CP225,
2384760,8/CP195,
2384759,8/CP158,
2384758,8/CP120,
2384757,8/CP112,
2384756,8/CP99,
2384755,8/CP90,
2384754,8/CP85,
2384753,8/CP81,
2384752,7/CP360,
2384751,7/CP345,
2384750,7/CP330,
2384749,7/CP300,
2384748,7/CP255,
2384747,7/CP240,
2384746,7/CP225,
2384745,7/CP195,
2384744,7/CP158,
2384743,7/CP120,
2384742,7/CP112,
2384741,7/CP99,
2384740,7/CP90,
2384739,7/CP85,
2384738,7/CP81,
2384737,6/CP360,
2384736,6/CP345,
2384735,6/CP330,
2384734,6/CP300,
2384733,6/CP255,
2384732,6/CP240,
2384731,6/CP225,
2384730,6/CP195,
2384729,6/CP158,
2384728,6/CP120,
2384727,6/CP112,
2384726,6/CP99,
2384725,6/CP90,
2384724,6/CP85,
2384723,6/CP81,
2384722,5/CP360,
2384721,5/CP345,
2384720,5/CP330,
2384719,5/CP300,
2384718,5/CP240,
2384717,5/CP158,
2384716,5/CP120,
2384715,5/CP112,
2384714,5/CP99,
2384713,5/CP90,
2384712,5/CP85,
2384711,5/CP81,
2384710,4/CP300,
2384709,4/CP255,
2384708,4/CP225,
2384707,4/CP195,
2384706,4/CP158,
2384705,4/CP120,
2384704,4/CP112,
2384703,4/CP99,
2384702,4/CP90,
2384701,4/CP85,
2384700,4/CP81,
2384699,3/CP360,
2384698,3/CP345,
2384697,3/CP330,
2384696,3/CP300,
2384695,3/CP255,
2384694,3/CP240,
2384693,3/CP225,
2384692,3/CP195,
2384691,3/CP158,
2384690,3/CP120,
2384689,3/CP112,
2384688,3/CP81,
2384687,2/CP360,
2384686,2/CP345,
2384685,2/CP330,
2384684,2/CP300,
2384683,2/CP255,
2384682,2/CP240,
2384681,2/CP225,
2384680,2/CP195,
2384679,2/CP158,
2384678,2/CP120,
2384677,2/CP112,
2384676,2/CP99,
2384675,2/CP90,
2384674,2/CP85,
2384673,2/CP81,
2384607,9293-0227,
2384606,9293-53077,
2384605,9293-53076,
2384604,9293-40591,
2384603,9293-2699,
2377647,2012 1.3/8,
2377644,2012 1.3/16,
2377635,08.05.2012,
2377577,1210 1.1/8,
2377560,1108.3/4,1108.3%2F4.zip
2377558,1108.5/8,1108.5%2F8.zip
2377556,1108.1/2,1108.1%2F2.zip
2374306,8MX-50S-21,8MX-50S-21.zip
2366188,B35,B35.zip
2242364,13/5VX950,13%2F5VX950.zip
2242363,13/5VX900,13%2F5VX900.zip
2242362,13/5VX850,13%2F5VX850.zip
2242361,13/5VX800,13%2F5VX800.zip
2242360,13/5VX750,13%2F5VX750.zip
2242359,13/5VX710,13%2F5VX710.zip
2242358,13/5VX670,13%2F5VX670.zip
2242357,13/5VX630,13%2F5VX630.zip
2242356,13/5VX600,13%2F5VX600.zip
2242355,13/5VX560,13%2F5VX560.zip
2242354,13/5VX530,13%2F5VX530.zip
2242353,13/5VX500,13%2F5VX500.zip
2242352,12/5VX2000,12%2F5VX2000.zip
2242351,12/5VX1900,12%2F5VX1900.zip
2242350,12/5VX1800,12%2F5VX1800.zip
2242349,12/5VX1700,12%2F5VX1700.zip
2242348,12/5VX1600,12%2F5VX1600.zip
2242347,12/5VX1500,12%2F5VX1500.zip
2242346,12/5VX1400,12%2F5VX1400.zip
2242345,12/5VX1320,12%2F5VX1320.zip
2242344,12/5VX1250,12%2F5VX1250.zip
2242343,12/5VX1180,12%2F5VX1180.zip
2242342,12/5VX1120,12%2F5VX1120.zip
2242341,12/5VX1060,12%2F5VX1060.zip
2242340,12/5VX1000,12%2F5VX1000.zip
2242339,12/5VX950,12%2F5VX950.zip
2242338,12/5VX900,12%2F5VX900.zip
2242337,12/5VX850,12%2F5VX850.zip
2242336,12/5VX800,12%2F5VX800.zip
2242335,12/5VX750,12%2F5VX750.zip
2242334,12/5VX710,12%2F5VX710.zip
2242333,12/5VX670,12%2F5VX670.zip
2242332,12/5VX630,12%2F5VX630.zip
2242331,12/5VX600,12%2F5VX600.zip
2242330,12/5VX560,12%2F5VX560.zip
2242329,12/5VX530,12%2F5VX530.zip
2242328,12/5VX500,12%2F5VX500.zip
2242327,11/5VX2000,11%2F5VX2000.zip
2242326,11/5VX1900,11%2F5VX1900.zip
2242325,11/5VX1800,11%2F5VX1800.zip
2242324,11/5VX1700,11%2F5VX1700.zip
2242323,11/5VX1600,11%2F5VX1600.zip
2242322,11/5VX1500,11%2F5VX1500.zip
2242321,11/5VX1400,11%2F5VX1400.zip
2242320,11/5VX1320,11%2F5VX1320.zip
2242319,11/5VX1250,11%2F5VX1250.zip
2242318,11/5VX1180,11%2F5VX1180.zip
2242317,11/5VX1120,11%2F5VX1120.zip
2242316,11/5VX1060,11%2F5VX1060.zip
2242315,11/5VX1000,11%2F5VX1000.zip
2242314,11/5VX950,11%2F5VX950.zip
2242313,11/5VX900,11%2F5VX900.zip
2242312,11/5VX850,11%2F5VX850.zip
2242311,11/5VX800,11%2F5VX800.zip
2242310,11/5VX750,11%2F5VX750.zip
2242309,11/5VX710,11%2F5VX710.zip
2242308,11/5VX670,11%2F5VX670.zip
2242307,11/5VX630,11%2F5VX630.zip
2242306,11/5VX600,11%2F5VX600.zip
2242305,11/5VX560,11%2F5VX560.zip
2242304,11/5VX530,11%2F5VX530.zip
2242303,11/5VX500,11%2F5VX500.zip
2242302,10/5VX2000,10%2F5VX2000.zip
2242301,10/5VX1900,10%2F5VX1900.zip
2242300,10/5VX1800,10%2F5VX1800.zip
2242299,10/5VX1700,10%2F5VX1700.zip
2242298,10/5VX1600,10%2F5VX1600.zip
2242297,10/5VX1500,10%2F5VX1500.zip
2242296,10/5VX1400,10%2F5VX1400.zip
2242295,10/5VX1320,10%2F5VX1320.zip
2242294,10/5VX1250,10%2F5VX1250.zip
2242293,10/5VX1180,10%2F5VX1180.zip
2242292,10/5VX1120,10%2F5VX1120.zip
2242291,10/5VX1060,10%2F5VX1060.zip
2242290,10/5VX1000,10%2F5VX1000.zip
2242289,10/5VX950,10%2F5VX950.zip
2242288,10/5VX900,10%2F5VX900.zip
2242287,10/5VX850,10%2F5VX850.zip
2242286,10/5VX800,10%2F5VX800.zip
2242285,10/5VX750,10%2F5VX750.zip
2242284,10/5VX710,10%2F5VX710.zip
2242283,10/5VX670,10%2F5VX670.zip
2242282,10/5VX630,10%2F5VX630.zip
2242281,10/5VX600,10%2F5VX600.zip
2242280,10/5VX560,10%2F5VX560.zip
2242279,10/5VX530,10%2F5VX530.zip
2242278,10/5VX500,10%2F5VX500.zip
2242277,9/5VX2000,9%2F5VX2000.zip
2242276,9/5VX1900,9%2F5VX1900.zip
2242275,9/5VX1800,9%2F5VX1800.zip
2242274,9/5VX1700,9%2F5VX1700.zip
2242273,9/5VX1600,9%2F5VX1600.zip
2242272,9/5VX1500,9%2F5VX1500.zip
2242271,9/5VX1400,9%2F5VX1400.zip
2242270,9/5VX1320,9%2F5VX1320.zip
2242269,9/5VX1250,9%2F5VX1250.zip
2242268,9/5VX1180,9%2F5VX1180.zip
2242267,9/5VX1120,9%2F5VX1120.zip
2242266,9/5VX1060,9%2F5VX1060.zip
2242265,9/5VX1000,9%2F5VX1000.zip
2242264,9/5VX950,9%2F5VX950.zip
2242263,9/5VX900,9%2F5VX900.zip
2242262,9/5VX850,9%2F5VX850.zip
2242261,9/5VX800,9%2F5VX800.zip
2242260,9/5VX750,9%2F5VX750.zip
2242259,9/5VX710,9%2F5VX710.zip
2242258,9/5VX670,9%2F5VX670.zip
2242257,9/5VX630,9%2F5VX630.zip
2242256,9/5VX600,9%2F5VX600.zip
2242255,9/5VX560,9%2F5VX560.zip
2242254,9/5VX530,9%2F5VX530.zip
2242253,9/5VX500,9%2F5VX500.zip
2242252,8/5VX2000,8%2F5VX2000.zip
2242251,8/5VX1900,8%2F5VX1900.zip
2242250,8/5VX1800,8%2F5VX1800.zip
2242249,8/5VX1700,8%2F5VX1700.zip
2242248,8/5VX1600,8%2F5VX1600.zip
2242247,8/5VX1500,8%2F5VX1500.zip
2242246,8/5VX1400,8%2F5VX1400.zip
2242245,8/5VX1320,8%2F5VX1320.zip
2242244,8/5VX1250,8%2F5VX1250.zip
2242243,8/5VX1180,8%2F5VX1180.zip
2242242,8/5VX1120,8%2F5VX1120.zip
2242241,8/5VX1060,8%2F5VX1060.zip
2242240,8/5VX1000,8%2F5VX1000.zip
2242239,8/5VX950,8%2F5VX950.zip
2242238,8/5VX900,8%2F5VX900.zip
2242237,8/5VX850,8%2F5VX850.zip
2242236,8/5VX800,8%2F5VX800.zip
2242235,8/5VX750,8%2F5VX750.zip
2242234,8/5VX710,8%2F5VX710.zip
2242233,8/5VX670,8%2F5VX670.zip
2242232,8/5VX630,8%2F5VX630.zip
2242231,8/5VX600,8%2F5VX600.zip
2242230,8/5VX560,8%2F5VX560.zip
2242229,8/5VX530,8%2F5VX530.zip
2242228,8/5VX500,8%2F5VX500.zip
2242227,7/5VX2000,7%2F5VX2000.zip
2242226,7/5VX1900,7%2F5VX1900.zip
2242225,7/5VX1800,7%2F5VX1800.zip
2242224,7/5VX1700,7%2F5VX1700.zip
2242223,7/5VX1600,7%2F5VX1600.zip
2242222,7/5VX1500,7%2F5VX1500.zip
2242221,7/5VX1400,7%2F5VX1400.zip
2242220,7/5VX1320,7%2F5VX1320.zip
2242219,7/5VX1250,7%2F5VX1250.zip
2242218,7/5VX1180,7%2F5VX1180.zip
2242217,7/5VX1120,7%2F5VX1120.zip
2242216,7/5VX1060,7%2F5VX1060.zip
2242215,7/5VX1000,7%2F5VX1000.zip
2242214,7/5VX950,7%2F5VX950.zip
2242213,7/5VX900,7%2F5VX900.zip
2242212,7/5VX850,7%2F5VX850.zip
2242211,7/5VX800,7%2F5VX800.zip
2242210,7/5VX750,7%2F5VX750.zip
2242209,7/5VX710,7%2F5VX710.zip
2242208,7/5VX670,7%2F5VX670.zip
2242207,7/5VX630,7%2F5VX630.zip
2242206,7/5VX600,7%2F5VX600.zip
2242205,7/5VX560,7%2F5VX560.zip
2242204,7/5VX530,7%2F5VX530.zip
2242203,7/5VX500,7%2F5VX500.zip
2242202,6/5VX2000,6%2F5VX2000.zip
2242201,6/5VX1900,6%2F5VX1900.zip
2242200,6/5VX1800,6%2F5VX1800.zip
2242199,6/5VX1700,6%2F5VX1700.zip
2242198,6/5VX1600,6%2F5VX1600.zip
2242197,6/5VX1500,6%2F5VX1500.zip
2242196,6/5VX1400,6%2F5VX1400.zip
2242195,6/5VX1320,6%2F5VX1320.zip
2242194,6/5VX1250,6%2F5VX1250.zip
2242193,6/5VX1180,6%2F5VX1180.zip
2242192,6/5VX1120,6%2F5VX1120.zip
2242191,6/5VX1060,6%2F5VX1060.zip
2242190,6/5VX1000,6%2F5VX1000.zip
2242189,6/5VX950,6%2F5VX950.zip
2242188,6/5VX900,6%2F5VX900.zip
2242187,6/5VX850,6%2F5VX850.zip
2242186,6/5VX800,6%2F5VX800.zip
2242185,6/5VX750,6%2F5VX750.zip
2242184,6/5VX710,6%2F5VX710.zip
2242183,6/5VX670,6%2F5VX670.zip
2242182,6/5VX630,6%2F5VX630.zip
2242181,6/5VX600,6%2F5VX600.zip
2242180,6/5VX560,6%2F5VX560.zip
2242179,6/5VX530,6%2F5VX530.zip
2242178,6/5VX500,6%2F5VX500.zip
2242177,5/5VX2000,5%2F5VX2000.zip
2242176,5/5VX1900,5%2F5VX1900.zip
2242175,5/5VX1800,5%2F5VX1800.zip
2242174,5/5VX1700,5%2F5VX1700.zip
2242172,5/5VX1500,5%2F5VX1500.zip
2242173,5/5VX1600,5%2F5VX1600.zip
2242171,5/5VX1400,5%2F5VX1400.zip
2242170,5/5VX1320,5%2F5VX1320.zip
2242169,5/5VX1250,5%2F5VX1250.zip
2242168,5/5VX1180,5%2F5VX1180.zip
2242167,5/5VX1120,5%2F5VX1120.zip
2242166,5/5VX1060,5%2F5VX1060.zip
2242165,5/5VX1000,5%2F5VX1000.zip
2242164,5/5VX950,5%2F5VX950.zip
2242163,5/5VX900,5%2F5VX900.zip
2242162,5/5VX850,5%2F5VX850.zip
2242161,5/5VX800,5%2F5VX800.zip
2242160,5/5VX750,5%2F5VX750.zip
2242159,5/5VX710,5%2F5VX710.zip
2242158,5/5VX670,5%2F5VX670.zip
2242157,5/5VX630,5%2F5VX630.zip
2242156,5/5VX600,5%2F5VX600.zip
2242155,5/5VX560,5%2F5VX560.zip
2242154,5/5VX530,5%2F5VX530.zip
2242153,5/5VX500,5%2F5VX500.zip
2242152,4/5VX2000,4%2F5VX2000.zip
2242151,4/5VX1900,4%2F5VX1900.zip
2242150,4/5VX1800,4%2F5VX1800.zip
2242149,4/5VX1700,4%2F5VX1700.zip
2242148,4/5VX1600,4%2F5VX1600.zip
2242147,4/5VX1500,4%2F5VX1500.zip
2242146,4/5VX1400,4%2F5VX1400.zip
2242145,4/5VX1320,4%2F5VX1320.zip
2242144,4/5VX1250,4%2F5VX1250.zip
2242143,4/5VX1180,4%2F5VX1180.zip
2242142,4/5VX1120,4%2F5VX1120.zip
2242141,4/5VX1060,4%2F5VX1060.zip
2242140,4/5VX1000,4%2F5VX1000.zip
2242139,4/5VX950,4%2F5VX950.zip
2242138,4/5VX900,4%2F5VX900.zip
2242137,9389-4085,
2242136,4/5VX800,4%2F5VX800.zip
2242135,4/5VX750,4%2F5VX750.zip
2242134,4/5VX710,4%2F5VX710.zip
2242133,4/5VX670,4%2F5VX670.zip
2242132,4/5VX630,4%2F5VX630.zip
2242131,4/5VX600,4%2F5VX600.zip
2242130,4/5VX560,4%2F5VX560.zip
2242129,4/5VX530,4%2F5VX530.zip
2242128,4/5VX500,4%2F5VX500.zip
2242127,3/5VX2000,3%2F5VX2000.zip
2242126,3/5VX1900,3%2F5VX1900.zip
2242125,3/5VX1800,3%2F5VX1800.zip
2242124,3/5VX1700,3%2F5VX1700.zip
2242123,3/5VX1600,3%2F5VX1600.zip
2242122,3/5VX1500,3%2F5VX1500.zip
2242121,3/5VX1400,3%2F5VX1400.zip
2242120,3/5VX1320,3%2F5VX1320.zip
2242119,3/5VX1250,3%2F5VX1250.zip
2242118,3/5VX1180,3%2F5VX1180.zip
2242117,3/5VX1120,3%2F5VX1120.zip
2242116,3/5VX1060,3%2F5VX1060.zip
2242115,3/5VX1000,3%2F5VX1000.zip
2242114,3/5VX950,3%2F5VX950.zip
2242113,3/5VX900,3%2F5VX900.zip
2242112,3/5VX850,3%2F5VX850.zip
2242111,3/5VX800,3%2F5VX800.zip
2242110,3/5VX750,3%2F5VX750.zip
2242109,3/5VX710,3%2F5VX710.zip
2242108,3/5VX670,3%2F5VX670.zip
2242107,3/5VX630,3%2F5VX630.zip
2242105,3/5VX560,3%2F5VX560.zip
2242106,3/5VX600,3%2F5VX600.zip
2242104,3/5VX530,3%2F5VX530.zip
2242103,3/5VX500,3%2F5VX500.zip
2242102,2/5VX2000,2%2F5VX2000.zip
2242101,2/5VX1900,2%2F5VX1900.zip
2242100,2/5VX1800,2%2F5VX1800.zip
2242099,2/5VX1700,2%2F5VX1700.zip
2242098,2/5VX1600,2%2F5VX1600.zip
2242097,2/5VX1500,2%2F5VX1500.zip
2242096,2/5VX1400,2%2F5VX1400.zip
2242095,2/5VX1320,2%2F5VX1320.zip
2242094,2/5VX1250,2%2F5VX1250.zip
2242093,2/5VX1180,2%2F5VX1180.zip
2242092,2/5VX1120,2%2F5VX1120.zip
2242091,2/5VX1060,2%2F5VX1060.zip
2242090,2/5VX1000,2%2F5VX1000.zip
2242089,2/5VX950,2%2F5VX950.zip
2242088,2/5VX900,2%2F5VX900.zip
2242087,2/5VX850,2%2F5VX850.zip
2242086,2/5VX800,2%2F5VX800.zip
2242085,2/5VX750,2%2F5VX750.zip
2242084,2/5VX710,2%2F5VX710.zip
2242083,2/5VX670,2%2F5VX670.zip
2242082,2/5VX630,2%2F5VX630.zip
2242081,2/5VX600,2%2F5VX600.zip
2242080,2/5VX560,2%2F5VX560.zip
2242079,2/5VX530,2%2F5VX530.zip
2242078,2/5VX500,2%2F5VX500.zip
2242077,22/3VX1400,22%2F3VX1400.zip
2242076,22/3VX1320,22%2F3VX1320.zip
2242075,22/3VX1250,22%2F3VX1250.zip
2242074,22/3VX1180,22%2F3VX1180.zip
2242073,22/3VX1120,22%2F3VX1120.zip
2242072,22/3VX1060,22%2F3VX1060.zip
2242071,22/3VX1000,22%2F3VX1000.zip
2242070,22/3VX950,22%2F3VX950.zip
2242069,22/3VX900,22%2F3VX900.zip
2242068,22/3VX850,22%2F3VX850.zip
2242067,22/3VX820,
2242066,22/3VX800,22%2F3VX800.zip
2242065,22/3VX750,22%2F3VX750.zip
2242064,22/3VX710,22%2F3VX710.zip
2242063,22/3VX670,22%2F3VX670.zip
2242062,22/3VX630,22%2F3VX630.zip
2242061,22/3VX600,22%2F3VX600.zip
2242059,22/3VX530,22%2F3VX530.zip
2242060,22/3VX560,22%2F3VX560.zip
2242058,22/3VX500,22%2F3VX500.zip
2242057,22/3VX475,22%2F3VX475.zip
2242056,22/3VX450,22%2F3VX450.zip
2242055,22/3VX425,22%2F3VX425.zip
2242054,22/3VX400,22%2F3VX400.zip
2242053,22/3VX375,22%2F3VX375.zip
2242052,22/3VX355,22%2F3VX355.zip
2242051,22/3VX335,22%2F3VX335.zip
2242050,22/3VX315,22%2F3VX315.zip
2242049,22/3VX300,22%2F3VX300.zip
2242048,21/3VX1400,21%2F3VX1400.zip
2242047,21/3VX1320,21%2F3VX1320.zip
2242046,21/3VX1250,21%2F3VX1250.zip
2242045,21/3VX1180,21%2F3VX1180.zip
2242044,21/3VX1120,21%2F3VX1120.zip
2242043,21/3VX1060,21%2F3VX1060.zip
2242042,21/3VX1000,21%2F3VX1000.zip
2242041,21/3VX950,21%2F3VX950.zip
2242040,21/3VX900,21%2F3VX900.zip
2242038,21/3VX820,
2242039,21/3VX850,21%2F3VX850.zip
2242037,21/3VX800,21%2F3VX800.zip
2242036,21/3VX750,21%2F3VX750.zip
2242035,21/3VX710,21%2F3VX710.zip
2242034,21/3VX670,21%2F3VX670.zip
2242033,21/3VX630,21%2F3VX630.zip
2242032,21/3VX600,21%2F3VX600.zip
2242031,21/3VX560,21%2F3VX560.zip
2242030,21/3VX530,21%2F3VX530.zip
2242029,21/3VX500,21%2F3VX500.zip
2242028,21/3VX475,21%2F3VX475.zip
2242027,21/3VX450,21%2F3VX450.zip
2242026,21/3VX425,21%2F3VX425.zip
2242025,21/3VX400,21%2F3VX400.zip
2242024,21/3VX375,21%2F3VX375.zip
2242023,21/3VX355,21%2F3VX355.zip
2242022,21/3VX335,21%2F3VX335.zip
2242021,21/3VX315,21%2F3VX315.zip
2242020,21/3VX300,21%2F3VX300.zip
2242019,20/3VX1400,20%2F3VX1400.zip
2242018,20/3VX1320,20%2F3VX1320.zip
2242017,20/3VX1250,20%2F3VX1250.zip
2242015,20/3VX1120,20%2F3VX1120.zip
2242016,20/3VX1180,20%2F3VX1180.zip
2242014,20/3VX1060,20%2F3VX1060.zip
2242013,20/3VX1000,20%2F3VX1000.zip
2242012,20/3VX950,20%2F3VX950.zip
2242011,20/3VX900,20%2F3VX900.zip
2242010,20/3VX850,20%2F3VX850.zip
2242009,20/3VX820,
2242008,20/3VX800,20%2F3VX800.zip
2242007,20/3VX750,20%2F3VX750.zip
2242006,20/3VX710,20%2F3VX710.zip
2242005,20/3VX670,20%2F3VX670.zip
2242004,20/3VX630,20%2F3VX630.zip
2242003,20/3VX600,20%2F3VX600.zip
2242002,20/3VX560,20%2F3VX560.zip
2242001,20/3VX530,20%2F3VX530.zip
2242000,20/3VX500,20%2F3VX500.zip
2241999,20/3VX475,20%2F3VX475.zip
2241998,20/3VX450,20%2F3VX450.zip
2241997,20/3VX425,20%2F3VX425.zip
2241996,20/3VX400,20%2F3VX400.zip
2241995,20/3VX375,20%2F3VX375.zip
2241994,20/3VX355,20%2F3VX355.zip
2241993,20/3VX335,20%2F3VX335.zip
2241992,20/3VX315,20%2F3VX315.zip
2241991,20/3VX300,20%2F3VX300.zip
2241990,19/3VX1400,19%2F3VX1400.zip
2241989,19/3VX1320,19%2F3VX1320.zip
2241988,19/3VX1250,19%2F3VX1250.zip
2241987,19/3VX1180,19%2F3VX1180.zip
2241986,19/3VX1120,19%2F3VX1120.zip
2241985,19/3VX1060,19%2F3VX1060.zip
2241984,19/3VX1000,19%2F3VX1000.zip
2241983,19/3VX950,19%2F3VX950.zip
2241982,19/3VX900,19%2F3VX900.zip
2241981,19/3VX850,19%2F3VX850.zip
2241980,19/3VX820,
2241979,19/3VX800,19%2F3VX800.zip
2241978,19/3VX750,19%2F3VX750.zip
2241977,19/3VX710,19%2F3VX710.zip
2241976,19/3VX670,19%2F3VX670.zip
2241975,19/3VX630,19%2F3VX630.zip
2241974,19/3VX600,19%2F3VX600.zip
2241973,19/3VX560,19%2F3VX560.zip
2241972,19/3VX530,19%2F3VX530.zip
2241971,19/3VX500,19%2F3VX500.zip
2241970,19/3VX475,19%2F3VX475.zip
2241969,19/3VX450,19%2F3VX450.zip
2241968,19/3VX425,19%2F3VX425.zip
2241967,19/3VX400,19%2F3VX400.zip
2241966,19/3VX375,19%2F3VX375.zip
2241965,19/3VX355,19%2F3VX355.zip
2241964,19/3VX335,19%2F3VX335.zip
2241963,19/3VX315,19%2F3VX315.zip
2241962,19/3VX300,19%2F3VX300.zip
2241961,18/3VX1400,18%2F3VX1400.zip
2241960,18/3VX1320,18%2F3VX1320.zip
2241959,18/3VX1250,18%2F3VX1250.zip
2241958,18/3VX1180,18%2F3VX1180.zip
2241957,18/3VX1120,18%2F3VX1120.zip
2241956,18/3VX1060,18%2F3VX1060.zip
2241955,18/3VX1000,18%2F3VX1000.zip
2241954,18/3VX950,18%2F3VX950.zip
2241953,18/3VX900,18%2F3VX900.zip
2241952,18/3VX850,18%2F3VX850.zip
2241951,18/3VX820,
2241950,18/3VX800,18%2F3VX800.zip
2241949,18/3VX750,18%2F3VX750.zip
2241948,18/3VX710,18%2F3VX710.zip
2241947,18/3VX670,18%2F3VX670.zip
2241946,18/3VX630,18%2F3VX630.zip
2241945,18/3VX600,18%2F3VX600.zip
2241944,18/3VX560,18%2F3VX560.zip
2241943,18/3VX530,18%2F3VX530.zip
2241942,18/3VX500,18%2F3VX500.zip
2241941,18/3VX475,18%2F3VX475.zip
2241940,18/3VX450,18%2F3VX450.zip
2241939,18/3VX425,18%2F3VX425.zip
2241938,18/3VX400,18%2F3VX400.zip
2241937,18/3VX375,18%2F3VX375.zip
2241936,18/3VX355,18%2F3VX355.zip
2241935,18/3VX335,18%2F3VX335.zip
2241934,18/3VX315,18%2F3VX315.zip
2241933,18/3VX300,18%2F3VX300.zip
2241932,17/3VX1400,17%2F3VX1400.zip
2241931,17/3VX1320,17%2F3VX1320.zip
2241930,17/3VX1250,17%2F3VX1250.zip
2241929,17/3VX1180,17%2F3VX1180.zip
2241928,17/3VX1120,17%2F3VX1120.zip
2241927,17/3VX1060,17%2F3VX1060.zip
2241926,17/3VX1000,17%2F3VX1000.zip
2241925,17/3VX950,17%2F3VX950.zip
2241924,17/3VX900,17%2F3VX900.zip
2241923,17/3VX850,17%2F3VX850.zip
2241922,17/3VX820,
2241921,17/3VX800,17%2F3VX800.zip
2241920,17/3VX750,17%2F3VX750.zip
2241919,17/3VX710,17%2F3VX710.zip
2241918,17/3VX670,17%2F3VX670.zip
2241917,17/3VX630,17%2F3VX630.zip
2241916,17/3VX600,17%2F3VX600.zip
2241915,17/3VX560,17%2F3VX560.zip
2241914,17/3VX530,17%2F3VX530.zip
2241913,17/3VX500,17%2F3VX500.zip
2241912,17/3VX475,17%2F3VX475.zip
2241911,17/3VX450,17%2F3VX450.zip
2241910,17/3VX425,17%2F3VX425.zip
2241909,17/3VX400,17%2F3VX400.zip
2241908,17/3VX375,17%2F3VX375.zip
2241907,17/3VX355,17%2F3VX355.zip
2241906,17/3VX335,17%2F3VX335.zip
2241905,17/3VX315,17%2F3VX315.zip
2241904,17/3VX300,17%2F3VX300.zip
2241903,16/3VX1400,16%2F3VX1400.zip
2241902,16/3VX1320,16%2F3VX1320.zip
2241901,16/3VX1250,16%2F3VX1250.zip
2241900,16/3VX1180,16%2F3VX1180.zip
2241899,16/3VX1120,16%2F3VX1120.zip
2241898,16/3VX1060,16%2F3VX1060.zip
2241897,16/3VX1000,16%2F3VX1000.zip
2241896,16/3VX950,16%2F3VX950.zip
2241895,16/3VX900,16%2F3VX900.zip
2241894,16/3VX850,16%2F3VX850.zip
2241893,16/3VX820,
2241892,16/3VX800,16%2F3VX800.zip
2241891,16/3VX750,16%2F3VX750.zip
2241890,16/3VX710,16%2F3VX710.zip
2241889,16/3VX670,16%2F3VX670.zip
2241888,16/3VX630,16%2F3VX630.zip
2241887,16/3VX600,16%2F3VX600.zip
2241886,16/3VX560,16%2F3VX560.zip
2241885,16/3VX530,16%2F3VX530.zip
2241884,16/3VX500,16%2F3VX500.zip
2241883,16/3VX475,16%2F3VX475.zip
2241882,16/3VX450,16%2F3VX450.zip
2241881,16/3VX425,16%2F3VX425.zip
2241880,16/3VX400,16%2F3VX400.zip
2241879,16/3VX375,16%2F3VX375.zip
2241878,16/3VX355,16%2F3VX355.zip
2241877,16/3VX335,16%2F3VX335.zip
2241876,16/3VX315,16%2F3VX315.zip
2241875,16/3VX300,16%2F3VX300.zip
2241874,15/3VX1400,15%2F3VX1400.zip
2241873,15/3VX1320,15%2F3VX1320.zip
2241872,15/3VX1250,15%2F3VX1250.zip
2241871,15/3VX1180,15%2F3VX1180.zip
2241870,15/3VX1120,15%2F3VX1120.zip
2241869,15/3VX1060,15%2F3VX1060.zip
2241868,15/3VX1000,15%2F3VX1000.zip
2241867,15/3VX950,15%2F3VX950.zip
2241866,15/3VX900,15%2F3VX900.zip
2241865,15/3VX850,15%2F3VX850.zip
2241864,15/3VX820,
2241863,15/3VX800,15%2F3VX800.zip
2241862,15/3VX750,15%2F3VX750.zip
2241861,15/3VX710,15%2F3VX710.zip
2241860,15/3VX670,15%2F3VX670.zip
2241859,15/3VX630,15%2F3VX630.zip
2241858,15/3VX600,15%2F3VX600.zip
2241857,15/3VX560,15%2F3VX560.zip
2241856,15/3VX530,15%2F3VX530.zip
2241855,15/3VX500,15%2F3VX500.zip
2241854,15/3VX475,15%2F3VX475.zip
2241853,15/3VX450,15%2F3VX450.zip
2241852,15/3VX425,15%2F3VX425.zip
2241851,15/3VX400,15%2F3VX400.zip
2241850,15/3VX375,15%2F3VX375.zip
2241849,15/3VX355,15%2F3VX355.zip
2241848,15/3VX335,15%2F3VX335.zip
2241847,15/3VX315,15%2F3VX315.zip
2241846,15/3VX300,15%2F3VX300.zip
2241845,14/3VX1400,14%2F3VX1400.zip
2241844,14/3VX1320,14%2F3VX1320.zip
2241843,14/3VX1250,14%2F3VX1250.zip
2241841,14/3VX1120,14%2F3VX1120.zip
2241842,14/3VX1180,14%2F3VX1180.zip
2241839,14/3VX1000,14%2F3VX1000.zip
2241840,14/3VX1060,14%2F3VX1060.zip
2241838,14/3VX950,14%2F3VX950.zip
2241837,14/3VX900,14%2F3VX900.zip
2241836,14/3VX850,14%2F3VX850.zip
2241835,14/3VX820,
2241834,14/3VX800,14%2F3VX800.zip
2241833,14/3VX750,14%2F3VX750.zip
2241832,14/3VX710,14%2F3VX710.zip
2241831,14/3VX670,14%2F3VX670.zip
2241830,14/3VX630,14%2F3VX630.zip
2241829,14/3VX600,14%2F3VX600.zip
2241828,14/3VX560,14%2F3VX560.zip
2241827,14/3VX530,14%2F3VX530.zip
2241826,14/3VX500,14%2F3VX500.zip
2241825,14/3VX475,14%2F3VX475.zip
2241824,14/3VX450,14%2F3VX450.zip
2241823,14/3VX425,14%2F3VX425.zip
2241822,14/3VX400,14%2F3VX400.zip
2241821,14/3VX375,14%2F3VX375.zip
2241820,14/3VX355,14%2F3VX355.zip
2241819,14/3VX335,14%2F3VX335.zip
2241818,14/3VX315,14%2F3VX315.zip
2241817,14/3VX300,14%2F3VX300.zip
2241816,13/3VX1400,13%2F3VX1400.zip
2241815,13/3VX1320,13%2F3VX1320.zip
2241814,13/3VX1250,13%2F3VX1250.zip
2241812,13/3VX1120,13%2F3VX1120.zip
2241811,13/3VX1060,13%2F3VX1060.zip
2241810,13/3VX1000,13%2F3VX1000.zip
2241813,13/3VX1180,13%2F3VX1180.zip
2241809,13/3VX950,13%2F3VX950.zip
2241808,13/3VX900,13%2F3VX900.zip
2241807,13/3VX850,13%2F3VX850.zip
2241806,13/3VX820,
2241805,13/3VX800,13%2F3VX800.zip
2241804,13/3VX750,13%2F3VX750.zip
2241803,13/3VX710,13%2F3VX710.zip
2241802,13/3VX670,13%2F3VX670.zip
2241801,13/3VX630,13%2F3VX630.zip
2241800,13/3VX600,13%2F3VX600.zip
2241799,13/3VX560,13%2F3VX560.zip
2241798,13/3VX530,13%2F3VX530.zip
2241797,13/3VX500,13%2F3VX500.zip
2241796,13/3VX475,13%2F3VX475.zip
2241795,13/3VX450,13%2F3VX450.zip
2241794,13/3VX425,13%2F3VX425.zip
2241793,13/3VX400,13%2F3VX400.zip
2241792,13/3VX375,13%2F3VX375.zip
2241791,13/3VX355,13%2F3VX355.zip
2241790,13/3VX335,13%2F3VX335.zip
2241789,13/3VX315,13%2F3VX315.zip
2241788,13/3VX300,13%2F3VX300.zip
2241786,12/3VX1320,12%2F3VX1320.zip
2241787,12/3VX1400,12%2F3VX1400.zip
2241785,12/3VX1250,12%2F3VX1250.zip
2241784,12/3VX1180,12%2F3VX1180.zip
2241783,12/3VX1120,12%2F3VX1120.zip
2241782,12/3VX1060,12%2F3VX1060.zip
2241781,12/3VX1000,12%2F3VX1000.zip
2241779,12/3VX900,12%2F3VX900.zip
2241780,12/3VX950,12%2F3VX950.zip
2241778,12/3VX850,12%2F3VX850.zip
2241777,12/3VX820,
2241776,12/3VX800,12%2F3VX800.zip
2241775,12/3VX750,12%2F3VX750.zip
2241774,12/3VX710,12%2F3VX710.zip
2241773,12/3VX670,12%2F3VX670.zip
2241772,12/3VX630,12%2F3VX630.zip
2241771,12/3VX600,12%2F3VX600.zip
2241770,12/3VX560,12%2F3VX560.zip
2241769,12/3VX530,12%2F3VX530.zip
2241768,12/3VX500,12%2F3VX500.zip
2241767,12/3VX475,12%2F3VX475.zip
2241766,12/3VX450,12%2F3VX450.zip
2241765,12/3VX425,12%2F3VX425.zip
2241764,12/3VX400,12%2F3VX400.zip
2241763,12/3VX375,12%2F3VX375.zip
2241762,12/3VX355,12%2F3VX355.zip
2241761,12/3VX335,12%2F3VX335.zip
2241760,12/3VX315,12%2F3VX315.zip
2241759,12/3VX300,12%2F3VX300.zip
2241758,11/3VX1400,11%2F3VX1400.zip
2241757,11/3VX1320,11%2F3VX1320.zip
2241756,11/3VX1250,11%2F3VX1250.zip
2241755,11/3VX1180,11%2F3VX1180.zip
2241754,11/3VX1120,11%2F3VX1120.zip
2241753,11/3VX1060,11%2F3VX1060.zip
2241752,11/3VX1000,11%2F3VX1000.zip
2241751,11/3VX950,11%2F3VX950.zip
2241750,11/3VX900,11%2F3VX900.zip
2241749,11/3VX850,11%2F3VX850.zip
2241748,11/3VX820,
2241747,11/3VX800,11%2F3VX800.zip
2241746,11/3VX750,11%2F3VX750.zip
2241745,11/3VX710,11%2F3VX710.zip
2241744,11/3VX670,11%2F3VX670.zip
2241743,11/3VX630,11%2F3VX630.zip
2241742,11/3VX600,11%2F3VX600.zip
2241741,11/3VX560,11%2F3VX560.zip
2241740,11/3VX530,11%2F3VX530.zip
2241739,11/3VX500,11%2F3VX500.zip
2241738,11/3VX475,11%2F3VX475.zip
2241737,11/3VX450,11%2F3VX450.zip
2241736,11/3VX425,11%2F3VX425.zip
2241735,11/3VX400,11%2F3VX400.zip
2241734,11/3VX375,11%2F3VX375.zip
2241733,11/3VX355,11%2F3VX355.zip
2241732,11/3VX335,11%2F3VX335.zip
2241731,11/3VX315,11%2F3VX315.zip
2241730,11/3VX300,11%2F3VX300.zip
2241729,10/3VX1400,10%2F3VX1400.zip
2241728,10/3VX1320,10%2F3VX1320.zip
2241727,10/3VX1250,10%2F3VX1250.zip
2241726,10/3VX1180,10%2F3VX1180.zip
2241725,10/3VX1120,10%2F3VX1120.zip
2241724,10/3VX1060,10%2F3VX1060.zip
2241723,10/3VX1000,10%2F3VX1000.zip
2241722,10/3VX950,10%2F3VX950.zip
2241721,10/3VX900,10%2F3VX900.zip
2241720,10/3VX850,10%2F3VX850.zip
2241719,10/3VX820,
2241718,10/3VX800,10%2F3VX800.zip
2241717,10/3VX750,10%2F3VX750.zip
2241716,10/3VX710,10%2F3VX710.zip
2241715,10/3VX670,10%2F3VX670.zip
2241714,10/3VX630,10%2F3VX630.zip
2241713,10/3VX600,10%2F3VX600.zip
2241712,10/3VX560,10%2F3VX560.zip
2241711,10/3VX530,10%2F3VX530.zip
2241710,10/3VX500,10%2F3VX500.zip
2241709,10/3VX475,10%2F3VX475.zip
2241708,10/3VX450,10%2F3VX450.zip
2241707,10/3VX425,10%2F3VX425.zip
2241706,10/3VX400,10%2F3VX400.zip
2241705,10/3VX375,10%2F3VX375.zip
2241704,10/3VX355,10%2F3VX355.zip
2241703,10/3VX335,10%2F3VX335.zip
2241702,10/3VX315,10%2F3VX315.zip
2241701,10/3VX300,10%2F3VX300.zip
2241700,9/3VX1400,9%2F3VX1400.zip
2241699,9/3VX1320,9%2F3VX1320.zip
2241698,9/3VX1250,9%2F3VX1250.zip
2241696,9/3VX1180,9%2F3VX1180.zip
2241695,9/3VX1120,9%2F3VX1120.zip
2241694,9/3VX1060,9%2F3VX1060.zip
2241693,9/3VX1000,9%2F3VX1000.zip
2241692,9/3VX950,9%2F3VX950.zip
2241691,9/3VX900,9%2F3VX900.zip
2241689,9/3VX820,
2241690,9/3VX850,9%2F3VX850.zip
2241688,9/3VX800,9%2F3VX800.zip
2241687,9/3VX750,9%2F3VX750.zip
2241686,9/3VX710,9%2F3VX710.zip
2241685,9/3VX670,9%2F3VX670.zip
2241684,9/3VX630,9%2F3VX630.zip
2241683,9/3VX600,9%2F3VX600.zip
2241682,9/3VX560,9%2F3VX560.zip
2241681,9/3VX530,9%2F3VX530.zip
2241680,9/3VX500,9%2F3VX500.zip
2241679,9/3VX475,9%2F3VX475.zip
2241678,9/3VX450,9%2F3VX450.zip
2241677,9/3VX425,9%2F3VX425.zip
2241676,9/3VX400,9%2F3VX400.zip
2241675,9/3VX375,9%2F3VX375.zip
2241674,9/3VX355,9%2F3VX355.zip
2241673,9/3VX335,9%2F3VX335.zip
2241672,9/3VX315,9%2F3VX315.zip
2241671,9/3VX300,9%2F3VX300.zip
2241669,8/3VX1320,8%2F3VX1320.zip
2241670,8/3VX1400,8%2F3VX1400.zip
2241668,8/3VX1250,8%2F3VX1250.zip
2241667,8/3VX1180,8%2F3VX1180.zip
2241666,8/3VX1120,8%2F3VX1120.zip
2241665,8/3VX1060,8%2F3VX1060.zip
2241664,8/3VX1000,8%2F3VX1000.zip
2241663,8/3VX950,8%2F3VX950.zip
2241662,8/3VX900,8%2F3VX900.zip
2241661,8/3VX850,8%2F3VX850.zip
2241660,8/3VX820,
2241659,8/3VX800,8%2F3VX800.zip
2241658,8/3VX750,8%2F3VX750.zip
2241657,8/3VX710,8%2F3VX710.zip
2241656,8/3VX670,8%2F3VX670.zip
2241655,8/3VX630,8%2F3VX630.zip
2241654,8/3VX600,8%2F3VX600.zip
2241653,8/3VX560,8%2F3VX560.zip
2241652,8/3VX530,8%2F3VX530.zip
2241651,8/3VX500,8%2F3VX500.zip
2241650,8/3VX475,8%2F3VX475.zip
2241649,8/3VX450,8%2F3VX450.zip
2241648,8/3VX425,8%2F3VX425.zip
2241647,8/3VX400,8%2F3VX400.zip
2241646,8/3VX375,8%2F3VX375.zip
2241645,8/3VX355,8%2F3VX355.zip
2241644,8/3VX335,8%2F3VX335.zip
2241643,8/3VX315,8%2F3VX315.zip
2241642,8/3VX300,8%2F3VX300.zip
2241641,7/3VX1400,7%2F3VX1400.zip
2241640,7/3VX1320,7%2F3VX1320.zip
2241639,7/3VX1250,7%2F3VX1250.zip
2241638,7/3VX1180,7%2F3VX1180.zip
2241637,7/3VX1120,7%2F3VX1120.zip
2241636,7/3VX1060,7%2F3VX1060.zip
2241635,7/3VX1000,7%2F3VX1000.zip
2241634,7/3VX950,7%2F3VX950.zip
2241633,7/3VX900,7%2F3VX900.zip
2241632,7/3VX850,7%2F3VX850.zip
2241631,7/3VX820,
2241630,7/3VX800,7%2F3VX800.zip
2241629,7/3VX750,7%2F3VX750.zip
2241628,7/3VX710,7%2F3VX710.zip
2241627,7/3VX670,7%2F3VX670.zip
2241626,7/3VX630,7%2F3VX630.zip
2241625,7/3VX600,7%2F3VX600.zip
2241624,7/3VX560,7%2F3VX560.zip
2241623,7/3VX530,7%2F3VX530.zip
2241622,7/3VX500,7%2F3VX500.zip
2241621,7/3VX475,7%2F3VX475.zip
2241620,7/3VX450,7%2F3VX450.zip
2241619,7/3VX425,7%2F3VX425.zip
2241618,7/3VX400,7%2F3VX400.zip
2241617,7/3VX375,7%2F3VX375.zip
2241616,7/3VX355,7%2F3VX355.zip
2241615,7/3VX335,7%2F3VX335.zip
2241614,7/3VX315,7%2F3VX315.zip
2241613,7/3VX300,7%2F3VX300.zip
2241612,6/3VX1400,6%2F3VX1400.zip
2241611,6/3VX1320,6%2F3VX1320.zip
2241610,6/3VX1250,6%2F3VX1250.zip
2241609,6/3VX1180,6%2F3VX1180.zip
2241607,6/3VX1060,6%2F3VX1060.zip
2241608,6/3VX1120,6%2F3VX1120.zip
2241606,6/3VX1000,6%2F3VX1000.zip
2241605,6/3VX950,6%2F3VX950.zip
2241604,6/3VX900,6%2F3VX900.zip
2241603,6/3VX850,6%2F3VX850.zip
2241602,6/3VX820,
2241601,6/3VX800,6%2F3VX800.zip
2241600,6/3VX750,6%2F3VX750.zip
2241599,6/3VX710,6%2F3VX710.zip
2241598,6/3VX670,6%2F3VX670.zip
2241597,6/3VX630,6%2F3VX630.zip
2241596,6/3VX600,6%2F3VX600.zip
2241595,6/3VX560,6%2F3VX560.zip
2241594,6/3VX530,6%2F3VX530.zip
2241593,6/3VX500,6%2F3VX500.zip
2241592,6/3VX475,6%2F3VX475.zip
2241591,6/3VX450,6%2F3VX450.zip
2241590,6/3VX425,6%2F3VX425.zip
2241589,6/3VX400,6%2F3VX400.zip
2241588,6/3VX375,6%2F3VX375.zip
2241587,6/3VX355,6%2F3VX355.zip
2241586,6/3VX335,6%2F3VX335.zip
2241584,6/3VX300,6%2F3VX300.zip
2241585,6/3VX315,6%2F3VX315.zip
2241583,5/3VX1400,5%2F3VX1400.zip
2241582,5/3VX1320,5%2F3VX1320.zip
2241581,5/3VX1250,5%2F3VX1250.zip
2241580,5/3VX1180,5%2F3VX1180.zip
2241579,5/3VX1120,5%2F3VX1120.zip
2241578,5/3VX1060,5%2F3VX1060.zip
2241577,5/3VX1000,5%2F3VX1000.zip
2241576,5/3VX950,5%2F3VX950.zip
2241575,5/3VX900,5%2F3VX900.zip
2241574,5/3VX850,5%2F3VX850.zip
2241573,5/3VX820,
2241572,5/3VX800,5%2F3VX800.zip
2241571,5/3VX750,5%2F3VX750.zip
2241570,5/3VX710,5%2F3VX710.zip
2241569,5/3VX670,5%2F3VX670.zip
2241568,5/3VX630,5%2F3VX630.zip
2241567,5/3VX600,5%2F3VX600.zip
2241566,5/3VX560,5%2F3VX560.zip
2241565,5/3VX530,5%2F3VX530.zip
2241564,5/3VX500,5%2F3VX500.zip
2241562,5/3VX450,5%2F3VX450.zip
2241563,5/3VX475,5%2F3VX475.zip
2241561,5/3VX425,5%2F3VX425.zip
2241560,5/3VX400,5%2F3VX400.zip
2241559,5/3VX375,5%2F3VX375.zip
2241558,5/3VX355,5%2F3VX355.zip
2241557,5/3VX335,5%2F3VX335.zip
2241556,5/3VX315,5%2F3VX315.zip
2241555,5/3VX300,5%2F3VX300.zip
2241554,5/3VX280,5%2F3VX280.zip
2241553,5/3VX265,5%2F3VX265.zip
2241552,5/3VX250,5%2F3VX250.zip
2241551,4/3VX1400,4%2F3VX1400.zip
2241550,4/3VX1320,4%2F3VX1320.zip
2241549,4/3VX1250,4%2F3VX1250.zip
2241548,4/3VX1180,4%2F3VX1180.zip
2241547,4/3VX1120,4%2F3VX1120.zip
2241546,4/3VX1060,4%2F3VX1060.zip
2241545,4/3VX1000,4%2F3VX1000.zip
2241544,4/3VX950,4%2F3VX950.zip
2241543,4/3VX900,4%2F3VX900.zip
2241542,4/3VX850,4%2F3VX850.zip
2241541,4/3VX820,
2241540,4/3VX800,4%2F3VX800.zip
2241539,4/3VX750,4%2F3VX750.zip
2241537,4/3VX670,4%2F3VX670.zip
2241536,4/3VX630,4%2F3VX630.zip
2241535,4/3VX600,4%2F3VX600.zip
2241534,4/3VX560,4%2F3VX560.zip
2241533,4/3VX530,4%2F3VX530.zip
2241532,4/3VX500,4%2F3VX500.zip
2241531,4/3VX475,4%2F3VX475.zip
2241530,4/3VX450,4%2F3VX450.zip
2241529,4/3VX425,4%2F3VX425.zip
2241528,4/3VX400,4%2F3VX400.zip
2241527,4/3VX375,4%2F3VX375.zip
2241526,4/3VX355,4%2F3VX355.zip
2241525,4/3VX335,4%2F3VX335.zip
2241524,4/3VX315,4%2F3VX315.zip
2241523,4/3VX300,4%2F3VX300.zip
2241522,4/3VX280,4%2F3VX280.zip
2241521,4/3VX265,4%2F3VX265.zip
2241520,4/3VX250,4%2F3VX250.zip
2241519,3/3VX1400,3%2F3VX1400.zip
2241518,3/3VX1320,3%2F3VX1320.zip
2241517,3/3VX1250,3%2F3VX1250.zip
2241516,3/3VX1180,3%2F3VX1180.zip
2241515,3/3VX1120,3%2F3VX1120.zip
2241514,3/3VX1060,3%2F3VX1060.zip
2241513,3/3VX1000,3%2F3VX1000.zip
2241512,3/3VX950,3%2F3VX950.zip
2241511,3/3VX900,3%2F3VX900.zip
2241510,3/3VX850,3%2F3VX850.zip
2241509,3/3VX820,
2241508,3/3VX800,3%2F3VX800.zip
2241506,3/3VX710,3%2F3VX710.zip
2241505,3/3VX670,3%2F3VX670.zip
2241507,3/3VX750,3%2F3VX750.zip
2241504,3/3VX630,3%2F3VX630.zip
2241503,3/3VX600,3%2F3VX600.zip
2241502,3/3VX560,3%2F3VX560.zip
2241501,3/3VX530,3%2F3VX530.zip
2241500,3/3VX500,3%2F3VX500.zip
2241499,3/3VX475,3%2F3VX475.zip
2241498,3/3VX450,3%2F3VX450.zip
2241497,3/3VX425,3%2F3VX425.zip
2241496,3/3VX400,3%2F3VX400.zip
2241495,3/3VX375,3%2F3VX375.zip
2241494,3/3VX355,3%2F3VX355.zip
2241493,3/3VX335,3%2F3VX335.zip
2241492,3/3VX315,3%2F3VX315.zip
2241491,3/3VX300,3%2F3VX300.zip
2241490,3/3VX280,3%2F3VX280.zip
2241489,3/3VX265,3%2F3VX265.zip
2241488,3/3VX250,3%2F3VX250.zip
2241487,2/3VX1400,2%2F3VX1400.zip
2241486,2/3VX1320,2%2F3VX1320.zip
2241485,2/3VX1250,2%2F3VX1250.zip
2241483,2/3VX1120,2%2F3VX1120.zip
2241484,2/3VX1180,2%2F3VX1180.zip
2241482,2/3VX1060,2%2F3VX1060.zip
2241481,2/3VX1000,2%2F3VX1000.zip
2241480,2/3VX950,2%2F3VX950.zip
2241479,2/3VX900,2%2F3VX900.zip
2241478,2/3VX850,2%2F3VX850.zip
2241477,2/3VX820,
2241476,2/3VX800,2%2F3VX800.zip
2241475,2/3VX750,2%2F3VX750.zip
2241474,2/3VX710,2%2F3VX710.zip
2241473,2/3VX670,2%2F3VX670.zip
2241472,2/3VX630,2%2F3VX630.zip
2241471,2/3VX600,2%2F3VX600.zip
2241470,2/3VX560,2%2F3VX560.zip
2241469,2/3VX530,2%2F3VX530.zip
2241468,2/3VX500,2%2F3VX500.zip
2241467,2/3VX475,2%2F3VX475.zip
2241466,2/3VX450,2%2F3VX450.zip
2241465,2/3VX425,2%2F3VX425.zip
2241464,2/3VX400,2%2F3VX400.zip
2241463,2/3VX375,2%2F3VX375.zip
2241462,2/3VX355,2%2F3VX355.zip
2241461,2/3VX335,2%2F3VX335.zip
2241460,2/3VX315,2%2F3VX315.zip
2241459,2/3VX300,2%2F3VX300.zip
2241458,2/3VX280,2%2F3VX280.zip
2241457,2/3VX265,2%2F3VX265.zip
2241456,2/3VX250,2%2F3VX250.zip
2241455,12/8V6000,12%2F8V6000.zip
2241454,12/8V5600,12%2F8V5600.zip
2241453,12/8V5000,12%2F8V5000.zip
2241452,12/8V4750,12%2F8V4750.zip
2241451,12/8V4500,12%2F8V4500.zip
2241450,12/8V4250,12%2F8V4250.zip
2241449,12/8V4000,12%2F8V4000.zip
2241448,12/8V3750,12%2F8V3750.zip
2241447,12/8V3550,12%2F8V3550.zip
2241446,12/8V3350,12%2F8V3350.zip
2241445,12/8V3150,12%2F8V3150.zip
2241444,12/8V3000,12%2F8V3000.zip
2241443,12/8V2800,12%2F8V2800.zip
2241441,12/8V2500,12%2F8V2500.zip
2241440,12/8V2360,12%2F8V2360.zip
2241442,12/8V2650,12%2F8V2650.zip
2241439,12/8V2240,12%2F8V2240.zip
2241438,12/8V2120,12%2F8V2120.zip
2241437,12/8V2000,12%2F8V2000.zip
2241436,12/8V1900,12%2F8V1900.zip
2241435,12/8V1800,12%2F8V1800.zip
2241434,12/8V1700,12%2F8V1700.zip
2241433,12/8V1600,12%2F8V1600.zip
2241431,12/8V1400,12%2F8V1400.zip
2241432,12/8V1500,12%2F8V1500.zip
2241430,12/8V1320,12%2F8V1320.zip
2241429,12/8V1250,12%2F8V1250.zip
2241428,12/8V1180,12%2F8V1180.zip
2241427,12/8V1120,12%2F8V1120.zip
2241426,12/8V1060,12%2F8V1060.zip
2241425,12/8V1000,12%2F8V1000.zip
2241424,11/8V6000,11%2F8V6000.zip
2241423,11/8V5600,11%2F8V5600.zip
2241422,11/8V5000,11%2F8V5000.zip
2241421,11/8V4750,11%2F8V4750.zip
2241420,11/8V4500,11%2F8V4500.zip
2241419,11/8V4250,11%2F8V4250.zip
2241418,11/8V4000,11%2F8V4000.zip
2241417,11/8V3750,11%2F8V3750.zip
2241416,11/8V3550,11%2F8V3550.zip
2241415,11/8V3350,11%2F8V3350.zip
2241414,11/8V3150,11%2F8V3150.zip
2241413,11/8V3000,11%2F8V3000.zip
2241412,11/8V2800,11%2F8V2800.zip
2241411,11/8V2650,11%2F8V2650.zip
2241410,11/8V2500,11%2F8V2500.zip
2241409,11/8V2360,11%2F8V2360.zip
2241408,11/8V2240,11%2F8V2240.zip
2241407,11/8V2120,11%2F8V2120.zip
2241406,11/8V2000,11%2F8V2000.zip
2241405,11/8V1900,11%2F8V1900.zip
2241404,11/8V1800,11%2F8V1800.zip
2241403,11/8V1700,11%2F8V1700.zip
2241402,11/8V1600,11%2F8V1600.zip
2241401,11/8V1500,11%2F8V1500.zip
2241400,11/8V1400,11%2F8V1400.zip
2241399,11/8V1320,11%2F8V1320.zip
2241398,11/8V1250,11%2F8V1250.zip
2241397,11/8V1180,11%2F8V1180.zip
2241396,11/8V1120,11%2F8V1120.zip
2241395,11/8V1060,11%2F8V1060.zip
2241394,11/8V1000,11%2F8V1000.zip
2241393,10/8V6000,10%2F8V6000.zip
2241392,10/8V5600,10%2F8V5600.zip
2241391,10/8V5000,10%2F8V5000.zip
2241390,10/8V4750,10%2F8V4750.zip
2241389,10/8V4500,10%2F8V4500.zip
2241388,10/8V4250,10%2F8V4250.zip
2241387,10/8V4000,10%2F8V4000.zip
2241385,10/8V3550,10%2F8V3550.zip
2241386,10/8V3750,10%2F8V3750.zip
2241383,10/8V3150,10%2F8V3150.zip
2241384,10/8V3350,10%2F8V3350.zip
2241382,10/8V3000,10%2F8V3000.zip
2241381,10/8V2800,10%2F8V2800.zip
2241380,10/8V2650,10%2F8V2650.zip
2241379,10/8V2500,10%2F8V2500.zip
2241378,10/8V2360,10%2F8V2360.zip
2241377,10/8V2240,10%2F8V2240.zip
2241376,10/8V2120,10%2F8V2120.zip
2241375,10/8V2000,10%2F8V2000.zip
2241374,10/8V1900,10%2F8V1900.zip
2241373,10/8V1800,10%2F8V1800.zip
2241372,10/8V1700,10%2F8V1700.zip
2241371,10/8V1600,10%2F8V1600.zip
2241370,10/8V1500,10%2F8V1500.zip
2241369,10/8V1400,10%2F8V1400.zip
2241368,10/8V1320,10%2F8V1320.zip
2241367,10/8V1250,10%2F8V1250.zip
2241366,10/8V1180,10%2F8V1180.zip
2241365,10/8V1120,10%2F8V1120.zip
2241364,10/8V1060,10%2F8V1060.zip
2241363,10/8V1000,10%2F8V1000.zip
2241362,9/8V6000,9%2F8V6000.zip
2241361,9/8V5600,9%2F8V5600.zip
2241360,9/8V5000,9%2F8V5000.zip
2241359,9/8V4750,9%2F8V4750.zip
2241358,9/8V4500,9%2F8V4500.zip
2241357,9/8V4250,9%2F8V4250.zip
2241356,9/8V4000,9%2F8V4000.zip
2241355,9/8V3750,9%2F8V3750.zip
2241354,9/8V3550,9%2F8V3550.zip
2241353,9/8V3350,9%2F8V3350.zip
2241352,9/8V3150,9%2F8V3150.zip
2241351,9/8V3000,9%2F8V3000.zip
2241350,9/8V2800,9%2F8V2800.zip
2241349,9/8V2650,9%2F8V2650.zip
2241348,9/8V2500,9%2F8V2500.zip
2241347,9/8V2360,9%2F8V2360.zip
2241346,9/8V2240,9%2F8V2240.zip
2241345,9/8V2120,9%2F8V2120.zip
2241344,9/8V2000,9%2F8V2000.zip
2241343,9/8V1900,9%2F8V1900.zip
2241342,9/8V1800,9%2F8V1800.zip
2241341,9/8V1700,9%2F8V1700.zip
2241340,9/8V1600,9%2F8V1600.zip
2241339,9/8V1500,9%2F8V1500.zip
2241338,9/8V1400,9%2F8V1400.zip
2241337,9/8V1320,9%2F8V1320.zip
2241336,9/8V1250,9%2F8V1250.zip
2241335,9/8V1180,9%2F8V1180.zip
2241334,9/8V1120,9%2F8V1120.zip
2241333,9/8V1060,9%2F8V1060.zip
2241332,9/8V1000,9%2F8V1000.zip
2241331,8/8V6000,8%2F8V6000.zip
2241330,8/8V5600,8%2F8V5600.zip
2241329,8/8V5000,8%2F8V5000.zip
2241328,8/8V4750,8%2F8V4750.zip
2241327,8/8V4500,8%2F8V4500.zip
2241326,8/8V4250,8%2F8V4250.zip
2241325,8/8V4000,8%2F8V4000.zip
2241324,8/8V3750,8%2F8V3750.zip
2241323,8/8V3550,8%2F8V3550.zip
2241322,8/8V3350,8%2F8V3350.zip
2241321,8/8V3150,8%2F8V3150.zip
2241320,8/8V3000,8%2F8V3000.zip
2241319,8/8V2800,8%2F8V2800.zip
2241318,8/8V2650,8%2F8V2650.zip
2241317,8/8V2500,8%2F8V2500.zip
2241316,8/8V2360,8%2F8V2360.zip
2241315,8/8V2240,8%2F8V2240.zip
2241314,8/8V2120,8%2F8V2120.zip
2241313,8/8V2000,8%2F8V2000.zip
2241312,8/8V1900,8%2F8V1900.zip
2241311,8/8V1800,8%2F8V1800.zip
2241310,8/8V1700,8%2F8V1700.zip
2241309,8/8V1600,8%2F8V1600.zip
2241308,8/8V1500,8%2F8V1500.zip
2241307,8/8V1400,8%2F8V1400.zip
2241306,8/8V1320,8%2F8V1320.zip
2241305,8/8V1250,8%2F8V1250.zip
2241304,8/8V1180,8%2F8V1180.zip
2241303,8/8V1120,8%2F8V1120.zip
2241302,8/8V1060,8%2F8V1060.zip
2241300,7/8V6000,7%2F8V6000.zip
2241301,8/8V1000,8%2F8V1000.zip
2241299,7/8V5600,7%2F8V5600.zip
2241298,7/8V5000,7%2F8V5000.zip
2241296,7/8V4500,7%2F8V4500.zip
2241295,7/8V4250,7%2F8V4250.zip
2241297,7/8V4750,7%2F8V4750.zip
2241294,7/8V4000,7%2F8V4000.zip
2241293,7/8V3750,7%2F8V3750.zip
2241292,7/8V3550,7%2F8V3550.zip
2241291,7/8V3350,7%2F8V3350.zip
2241290,7/8V3150,7%2F8V3150.zip
2241289,7/8V3000,7%2F8V3000.zip
2241288,7/8V2800,7%2F8V2800.zip
2241287,7/8V2650,7%2F8V2650.zip
2241286,7/8V2500,7%2F8V2500.zip
2241285,7/8V2360,7%2F8V2360.zip
2241284,7/8V2240,7%2F8V2240.zip
2241283,7/8V2120,7%2F8V2120.zip
2241282,7/8V2000,7%2F8V2000.zip
2241281,7/8V1900,7%2F8V1900.zip
2241279,7/8V1700,7%2F8V1700.zip
2241278,7/8V1600,7%2F8V1600.zip
2241280,7/8V1800,7%2F8V1800.zip
2241277,7/8V1500,7%2F8V1500.zip
2241276,7/8V1400,7%2F8V1400.zip
2241275,7/8V1320,7%2F8V1320.zip
2241274,7/8V1250,7%2F8V1250.zip
2241273,7/8V1180,7%2F8V1180.zip
2241272,7/8V1120,7%2F8V1120.zip
2241271,7/8V1060,7%2F8V1060.zip
2241270,7/8V1000,7%2F8V1000.zip
2241269,6/8V6000,6%2F8V6000.zip
2241268,6/8V5600,6%2F8V5600.zip
2241266,6/8V4750,6%2F8V4750.zip
2241267,6/8V5000,6%2F8V5000.zip
2241264,6/8V4250,6%2F8V4250.zip
2241265,6/8V4500,6%2F8V4500.zip
2241263,6/8V4000,6%2F8V4000.zip
2241262,6/8V3750,6%2F8V3750.zip
2241261,6/8V3550,6%2F8V3550.zip
2241260,6/8V3350,6%2F8V3350.zip
2241259,6/8V3150,6%2F8V3150.zip
2241258,6/8V3000,6%2F8V3000.zip
2241257,6/8V2800,6%2F8V2800.zip
2241256,6/8V2650,6%2F8V2650.zip
2241255,6/8V2500,6%2F8V2500.zip
2241254,6/8V2360,6%2F8V2360.zip
2241253,6/8V2240,6%2F8V2240.zip
2241252,6/8V2120,6%2F8V2120.zip
2241251,6/8V2000,6%2F8V2000.zip
2241250,6/8V1900,6%2F8V1900.zip
2241249,6/8V1800,6%2F8V1800.zip
2241248,6/8V1700,6%2F8V1700.zip
2241247,6/8V1600,6%2F8V1600.zip
2241246,6/8V1500,6%2F8V1500.zip
2241245,6/8V1400,6%2F8V1400.zip
2241243,6/8V1250,6%2F8V1250.zip
2241242,6/8V1180,6%2F8V1180.zip
2241244,6/8V1320,6%2F8V1320.zip
2241240,6/8V1060,6%2F8V1060.zip
2241241,6/8V1120,6%2F8V1120.zip
2241238,5/8V6000,5%2F8V6000.zip
2241239,6/8V1000,6%2F8V1000.zip
2241236,5/8V5000,5%2F8V5000.zip
2241237,5/8V5600,5%2F8V5600.zip
2241235,5/8V4750,5%2F8V4750.zip
2241234,5/8V4500,5%2F8V4500.zip
2241233,5/8V4250,5%2F8V4250.zip
2241232,5/8V4000,5%2F8V4000.zip
2241231,5/8V3750,5%2F8V3750.zip
2241230,5/8V3550,5%2F8V3550.zip
2241229,5/8V3350,5%2F8V3350.zip
2241228,5/8V3150,5%2F8V3150.zip
2241227,5/8V3000,5%2F8V3000.zip
2241226,5/8V2800,5%2F8V2800.zip
2241225,5/8V2650,5%2F8V2650.zip
2241224,5/8V2500,5%2F8V2500.zip
2241223,5/8V2360,5%2F8V2360.zip
2241222,5/8V2240,5%2F8V2240.zip
2241221,5/8V2120,5%2F8V2120.zip
2241220,5/8V2000,5%2F8V2000.zip
2241219,5/8V1900,5%2F8V1900.zip
2241218,5/8V1800,5%2F8V1800.zip
2241217,5/8V1700,5%2F8V1700.zip
2241216,5/8V1600,5%2F8V1600.zip
2241215,5/8V1500,5%2F8V1500.zip
2241214,5/8V1400,5%2F8V1400.zip
2241212,5/8V1250,5%2F8V1250.zip
2241213,5/8V1320,5%2F8V1320.zip
2241211,5/8V1180,5%2F8V1180.zip
2241210,5/8V1120,5%2F8V1120.zip
2241209,5/8V1060,5%2F8V1060.zip
2241207,4/8V6000,4%2F8V6000.zip
2241206,4/8V5600,4%2F8V5600.zip
2241208,5/8V1000,5%2F8V1000.zip
2241205,4/8V5000,4%2F8V5000.zip
2241204,4/8V4750,4%2F8V4750.zip
2241203,4/8V4500,4%2F8V4500.zip
2241202,4/8V4250,4%2F8V4250.zip
2241201,4/8V4000,4%2F8V4000.zip
2241200,4/8V3750,4%2F8V3750.zip
2241199,4/8V3550,4%2F8V3550.zip
2241198,4/8V3350,4%2F8V3350.zip
2241197,4/8V3150,4%2F8V3150.zip
2241196,4/8V3000,4%2F8V3000.zip
2241195,4/8V2800,4%2F8V2800.zip
2241194,4/8V2650,4%2F8V2650.zip
2241193,4/8V2500,4%2F8V2500.zip
2241192,4/8V2360,4%2F8V2360.zip
2241191,4/8V2240,4%2F8V2240.zip
2241190,4/8V2120,4%2F8V2120.zip
2241189,4/8V2000,4%2F8V2000.zip
2241188,4/8V1900,4%2F8V1900.zip
2241187,4/8V1800,4%2F8V1800.zip
2241185,4/8V1600,4%2F8V1600.zip
2241186,4/8V1700,4%2F8V1700.zip
2241184,4/8V1500,4%2F8V1500.zip
2241182,4/8V1320,4%2F8V1320.zip
2241181,4/8V1250,4%2F8V1250.zip
2241183,4/8V1400,4%2F8V1400.zip
2241180,4/8V1180,4%2F8V1180.zip
2241179,4/8V1120,4%2F8V1120.zip
2241178,4/8V1060,4%2F8V1060.zip
2241177,4/8V1000,4%2F8V1000.zip
2241176,3/8V6000,3%2F8V6000.zip
2241175,3/8V5600,3%2F8V5600.zip
2241174,3/8V5000,3%2F8V5000.zip
2241173,3/8V4750,3%2F8V4750.zip
2241172,3/8V4500,3%2F8V4500.zip
2241171,3/8V4250,3%2F8V4250.zip
2241170,3/8V4000,3%2F8V4000.zip
2241169,3/8V3750,3%2F8V3750.zip
2241168,3/8V3550,3%2F8V3550.zip
2241167,3/8V3350,3%2F8V3350.zip
2241166,3/8V3150,3%2F8V3150.zip
2241165,3/8V3000,3%2F8V3000.zip
2241164,3/8V2800,3%2F8V2800.zip
2241163,3/8V2650,3%2F8V2650.zip
2241162,3/8V2500,3%2F8V2500.zip
2241161,3/8V2360,3%2F8V2360.zip
2241160,3/8V2240,3%2F8V2240.zip
2241158,3/8V2000,3%2F8V2000.zip
2241159,3/8V2120,3%2F8V2120.zip
2241156,3/8V1800,3%2F8V1800.zip
2241157,3/8V1900,3%2F8V1900.zip
2241154,3/8V1600,3%2F8V1600.zip
2241155,3/8V1700,3%2F8V1700.zip
2241152,3/8V1400,3%2F8V1400.zip
2241151,3/8V1320,3%2F8V1320.zip
2241150,3/8V1250,3%2F8V1250.zip
2241149,3/8V1180,3%2F8V1180.zip
2241153,3/8V1500,3%2F8V1500.zip
2241148,3/8V1120,3%2F8V1120.zip
2241147,3/8V1060,3%2F8V1060.zip
2241146,3/8V1000,3%2F8V1000.zip
2241145,2/8V4750,2%2F8V4750.zip
2241143,2/8V2800,2%2F8V2800.zip
2241144,2/8V3350,2%2F8V3350.zip
2241141,2/8V2360,2%2F8V2360.zip
2241142,2/8V2650,2%2F8V2650.zip
2241140,2/8V2240,2%2F8V2240.zip
2241139,2/8V1900,2%2F8V1900.zip
2241138,2/8V1700,2%2F8V1700.zip
2241137,2/8V1250,2%2F8V1250.zip
2241136,2/8V1120,2%2F8V1120.zip
2241135,18/5V3550,18%2F5V3550.zip
2241134,18/5V3350,18%2F5V3350.zip
2241133,18/5V3150,18%2F5V3150.zip
2241132,18/5V3000,18%2F5V3000.zip
2241131,18/5V2800,18%2F5V2800.zip
2241130,18/5V2650,18%2F5V2650.zip
2241129,18/5V2500,18%2F5V2500.zip
2241128,18/5V2360,18%2F5V2360.zip
2241127,18/5V2240,18%2F5V2240.zip
2241126,18/5V2120,18%2F5V2120.zip
2241125,18/5V2000,18%2F5V2000.zip
2241124,18/5V1900,18%2F5V1900.zip
2241123,18/5V1800,18%2F5V1800.zip
2241122,18/5V1700,18%2F5V1700.zip
2241121,18/5V1600,18%2F5V1600.zip
2241119,18/5V1400,18%2F5V1400.zip
2241120,18/5V1500,18%2F5V1500.zip
2241118,18/5V1320,18%2F5V1320.zip
2241117,18/5V1250,18%2F5V1250.zip
2241115,18/5V1120,18%2F5V1120.zip
2241116,18/5V1180,18%2F5V1180.zip
2241114,18/5V1060,18%2F5V1060.zip
2241113,18/5V1000,18%2F5V1000.zip
2241112,18/5V950,18%2F5V950.zip
2241111,18/5V900,18%2F5V900.zip
2241110,18/5V850,18%2F5V850.zip
2241109,18/5V800,18%2F5V800.zip
2241108,18/5V750,18%2F5V750.zip
2241107,18/5V710,18%2F5V710.zip
2241106,18/5V670,18%2F5V670.zip
2241105,18/5V630,18%2F5V630.zip
2241104,18/5V600,18%2F5V600.zip
2241103,18/5V560,18%2F5V560.zip
2241102,18/5V530,18%2F5V530.zip
2241101,18/5V500,18%2F5V500.zip
2241100,17/5V3550,17%2F5V3550.zip
2241099,17/5V3350,17%2F5V3350.zip
2241098,17/5V3150,17%2F5V3150.zip
2241097,17/5V3000,17%2F5V3000.zip
2241096,17/5V2800,17%2F5V2800.zip
2241095,17/5V2650,17%2F5V2650.zip
2241094,17/5V2500,17%2F5V2500.zip
2241093,17/5V2360,17%2F5V2360.zip
2241092,17/5V2240,17%2F5V2240.zip
2241091,17/5V2120,17%2F5V2120.zip
2241090,17/5V2000,17%2F5V2000.zip
2241088,17/5V1800,17%2F5V1800.zip
2241089,17/5V1900,17%2F5V1900.zip
2241087,17/5V1700,17%2F5V1700.zip
2241086,17/5V1600,17%2F5V1600.zip
2241085,17/5V1500,17%2F5V1500.zip
2241083,17/5V1320,17%2F5V1320.zip
2241084,17/5V1400,17%2F5V1400.zip
2241082,17/5V1250,17%2F5V1250.zip
2241081,17/5V1180,17%2F5V1180.zip
2241080,17/5V1120,17%2F5V1120.zip
2241079,17/5V1060,17%2F5V1060.zip
2241077,17/5V950,17%2F5V950.zip
2241078,17/5V1000,17%2F5V1000.zip
2241076,17/5V900,17%2F5V900.zip
2241075,17/5V850,17%2F5V850.zip
2241074,17/5V800,17%2F5V800.zip
2241073,17/5V750,17%2F5V750.zip
2241072,17/5V710,17%2F5V710.zip
2241071,17/5V670,17%2F5V670.zip
2241070,17/5V630,17%2F5V630.zip
2241069,17/5V600,17%2F5V600.zip
2241068,17/5V560,17%2F5V560.zip
2241066,17/5V500,17%2F5V500.zip
2241067,17/5V530,17%2F5V530.zip
2241065,16/5V3550,16%2F5V3550.zip
2241064,16/5V3350,16%2F5V3350.zip
2241063,16/5V3150,16%2F5V3150.zip
2241062,16/5V3000,16%2F5V3000.zip
2241061,16/5V2800,16%2F5V2800.zip
2241060,16/5V2650,16%2F5V2650.zip
2241059,16/5V2500,16%2F5V2500.zip
2241058,16/5V2360,16%2F5V2360.zip
2241057,16/5V2240,16%2F5V2240.zip
2241056,16/5V2120,16%2F5V2120.zip
2241055,16/5V2000,16%2F5V2000.zip
2241054,16/5V1900,16%2F5V1900.zip
2241053,16/5V1800,16%2F5V1800.zip
2241052,16/5V1700,16%2F5V1700.zip
2241051,16/5V1600,16%2F5V1600.zip
2241050,16/5V1500,16%2F5V1500.zip
2241049,16/5V1400,16%2F5V1400.zip
2241048,16/5V1320,16%2F5V1320.zip
2241046,16/5V1180,16%2F5V1180.zip
2241047,16/5V1250,16%2F5V1250.zip
2241045,16/5V1120,16%2F5V1120.zip
2241044,16/5V1060,16%2F5V1060.zip
2241043,16/5V1000,16%2F5V1000.zip
2241042,16/5V950,16%2F5V950.zip
2241041,16/5V900,16%2F5V900.zip
2241040,16/5V850,16%2F5V850.zip
2241039,16/5V800,16%2F5V800.zip
2241038,16/5V750,16%2F5V750.zip
2241037,16/5V710,16%2F5V710.zip
2241036,16/5V670,16%2F5V670.zip
2241035,16/5V630,16%2F5V630.zip
2241034,16/5V600,16%2F5V600.zip
2241033,16/5V560,16%2F5V560.zip
2241032,16/5V530,16%2F5V530.zip
2241031,16/5V500,16%2F5V500.zip
2241030,15/5V3550,15%2F5V3550.zip
2241029,15/5V3350,15%2F5V3350.zip
2241028,15/5V3150,15%2F5V3150.zip
2241027,15/5V3000,15%2F5V3000.zip
2241026,15/5V2800,15%2F5V2800.zip
2241025,15/5V2650,15%2F5V2650.zip
2241024,15/5V2500,15%2F5V2500.zip
2241022,15/5V2240,15%2F5V2240.zip
2241021,15/5V2120,15%2F5V2120.zip
2241023,15/5V2360,15%2F5V2360.zip
2241020,15/5V2000,15%2F5V2000.zip
2241019,15/5V1900,15%2F5V1900.zip
2241018,15/5V1800,15%2F5V1800.zip
2241017,15/5V1700,15%2F5V1700.zip
2241016,15/5V1600,15%2F5V1600.zip
2241015,15/5V1500,15%2F5V1500.zip
2241014,15/5V1400,15%2F5V1400.zip
2241013,15/5V1320,15%2F5V1320.zip
2241012,15/5V1250,15%2F5V1250.zip
2241011,15/5V1180,15%2F5V1180.zip
2241010,15/5V1120,15%2F5V1120.zip
2241009,15/5V1060,15%2F5V1060.zip
2241008,15/5V1000,15%2F5V1000.zip
2241007,15/5V950,15%2F5V950.zip
2241006,15/5V900,15%2F5V900.zip
2241005,15/5V850,15%2F5V850.zip
2241004,15/5V800,15%2F5V800.zip
2241003,15/5V750,15%2F5V750.zip
2241002,15/5V710,15%2F5V710.zip
2241001,15/5V670,15%2F5V670.zip
2240999,15/5V600,15%2F5V600.zip
2240998,15/5V560,15%2F5V560.zip
2240997,15/5V530,15%2F5V530.zip
2241000,15/5V630,15%2F5V630.zip
2240996,15/5V500,15%2F5V500.zip
2240994,14/5V3350,14%2F5V3350.zip
2240993,14/5V3150,14%2F5V3150.zip
2240995,14/5V3550,14%2F5V3550.zip
2240992,14/5V3000,14%2F5V3000.zip
2240991,14/5V2800,14%2F5V2800.zip
2240990,14/5V2650,14%2F5V2650.zip
2240989,14/5V2500,14%2F5V2500.zip
2240988,14/5V2360,14%2F5V2360.zip
2240987,14/5V2240,14%2F5V2240.zip
2240986,14/5V2120,14%2F5V2120.zip
2240985,14/5V2000,14%2F5V2000.zip
2240984,14/5V1900,14%2F5V1900.zip
2240983,14/5V1800,14%2F5V1800.zip
2240982,14/5V1700,14%2F5V1700.zip
2240981,14/5V1600,14%2F5V1600.zip
2240980,14/5V1500,14%2F5V1500.zip
2240979,14/5V1400,14%2F5V1400.zip
2240978,14/5V1320,14%2F5V1320.zip
2240977,14/5V1250,14%2F5V1250.zip
2240976,14/5V1180,14%2F5V1180.zip
2240975,14/5V1120,14%2F5V1120.zip
2240974,14/5V1060,14%2F5V1060.zip
2240973,14/5V1000,14%2F5V1000.zip
2240972,14/5V950,14%2F5V950.zip
2240971,14/5V900,14%2F5V900.zip
2240970,14/5V850,14%2F5V850.zip
2240969,14/5V800,14%2F5V800.zip
2240968,14/5V750,14%2F5V750.zip
2240967,14/5V710,14%2F5V710.zip
2240966,14/5V670,14%2F5V670.zip
2240965,14/5V630,14%2F5V630.zip
2240964,14/5V600,14%2F5V600.zip
2240963,14/5V560,14%2F5V560.zip
2240962,14/5V530,14%2F5V530.zip
2240961,14/5V500,14%2F5V500.zip
2240960,13/5V3550,13%2F5V3550.zip
2240959,13/5V3350,13%2F5V3350.zip
2240958,13/5V3150,13%2F5V3150.zip
2240957,13/5V3000,13%2F5V3000.zip
2240956,13/5V2800,13%2F5V2800.zip
2240955,13/5V2650,13%2F5V2650.zip
2240954,13/5V2500,13%2F5V2500.zip
2240953,13/5V2360,13%2F5V2360.zip
2240951,13/5V2120,13%2F5V2120.zip
2240952,13/5V2240,13%2F5V2240.zip
2240949,13/5V1900,13%2F5V1900.zip
2240948,13/5V1800,13%2F5V1800.zip
2240950,13/5V2000,13%2F5V2000.zip
2240947,13/5V1700,13%2F5V1700.zip
2240946,13/5V1600,13%2F5V1600.zip
2240945,13/5V1500,13%2F5V1500.zip
2240944,13/5V1400,13%2F5V1400.zip
2240943,13/5V1320,13%2F5V1320.zip
2240942,13/5V1250,13%2F5V1250.zip
2240941,13/5V1180,13%2F5V1180.zip
2240940,13/5V1120,13%2F5V1120.zip
2240939,13/5V1060,13%2F5V1060.zip
2240938,13/5V1000,13%2F5V1000.zip
2240936,13/5V900,13%2F5V900.zip
2240937,13/5V950,13%2F5V950.zip
2240935,13/5V850,13%2F5V850.zip
2240934,13/5V800,13%2F5V800.zip
2240933,13/5V750,13%2F5V750.zip
2240932,13/5V710,13%2F5V710.zip
2240931,13/5V670,13%2F5V670.zip
2240930,13/5V630,13%2F5V630.zip
2240929,13/5V600,13%2F5V600.zip
2240928,13/5V560,13%2F5V560.zip
2240927,13/5V530,13%2F5V530.zip
2240926,13/5V500,13%2F5V500.zip
2240925,12/5V3550,12%2F5V3550.zip
2240924,12/5V3350,12%2F5V3350.zip
2240923,12/5V3150,12%2F5V3150.zip
2240922,12/5V3000,12%2F5V3000.zip
2240921,12/5V2800,12%2F5V2800.zip
2240920,12/5V2650,12%2F5V2650.zip
2240919,12/5V2500,12%2F5V2500.zip
2240918,12/5V2360,12%2F5V2360.zip
2240916,12/5V2120,12%2F5V2120.zip
2240917,12/5V2240,12%2F5V2240.zip
2240915,12/5V2000,12%2F5V2000.zip
2240914,12/5V1900,12%2F5V1900.zip
2240913,12/5V1800,12%2F5V1800.zip
2240912,12/5V1700,12%2F5V1700.zip
2240911,12/5V1600,12%2F5V1600.zip
2240910,12/5V1500,12%2F5V1500.zip
2240909,12/5V1400,12%2F5V1400.zip
2240908,12/5V1320,12%2F5V1320.zip
2240907,12/5V1250,12%2F5V1250.zip
2240906,12/5V1180,12%2F5V1180.zip
2240904,12/5V1060,12%2F5V1060.zip
2240905,12/5V1120,12%2F5V1120.zip
2240903,12/5V1000,12%2F5V1000.zip
2240902,12/5V950,12%2F5V950.zip
2240901,12/5V900,12%2F5V900.zip
2240900,12/5V850,12%2F5V850.zip
2240899,12/5V800,12%2F5V800.zip
2240898,12/5V750,12%2F5V750.zip
2240897,12/5V710,12%2F5V710.zip
2240896,12/5V670,12%2F5V670.zip
2240895,12/5V630,12%2F5V630.zip
2240894,12/5V600,12%2F5V600.zip
2240893,12/5V560,12%2F5V560.zip
2240892,12/5V530,12%2F5V530.zip
2240891,12/5V500,12%2F5V500.zip
2240890,11/5V3550,11%2F5V3550.zip
2240889,11/5V3350,11%2F5V3350.zip
2240888,11/5V3150,11%2F5V3150.zip
2240887,11/5V3000,11%2F5V3000.zip
2240886,11/5V2800,11%2F5V2800.zip
2240885,11/5V2650,11%2F5V2650.zip
2240884,11/5V2500,11%2F5V2500.zip
2240883,11/5V2360,11%2F5V2360.zip
2240882,11/5V2240,11%2F5V2240.zip
2240881,11/5V2120,11%2F5V2120.zip
2240880,11/5V2000,11%2F5V2000.zip
2240879,11/5V1900,11%2F5V1900.zip
2240878,11/5V1800,11%2F5V1800.zip
2240877,11/5V1700,11%2F5V1700.zip
2240876,11/5V1600,11%2F5V1600.zip
2240875,11/5V1500,11%2F5V1500.zip
2240874,11/5V1400,11%2F5V1400.zip
2240873,11/5V1320,11%2F5V1320.zip
2240872,11/5V1250,11%2F5V1250.zip
2240871,11/5V1180,11%2F5V1180.zip
2240870,11/5V1120,11%2F5V1120.zip
2240869,11/5V1060,11%2F5V1060.zip
2240868,11/5V1000,11%2F5V1000.zip
2240867,11/5V950,11%2F5V950.zip
2240866,11/5V900,11%2F5V900.zip
2240865,11/5V850,11%2F5V850.zip
2240864,11/5V800,11%2F5V800.zip
2240863,11/5V750,11%2F5V750.zip
2240862,11/5V710,11%2F5V710.zip
2240860,11/5V630,11%2F5V630.zip
