id,catalog_number,additional_description
104072,300-P,
104627,3783-52,
105013,4PSG,
105100,5095-17,
105221,6000-9,
105343,6200-1,
105516,646,
105517,648,
105936,855206,
105952,861-25,
105998,90SCS4025F,
107296,B5101S250CC-C,
107311,B5101V200CC-B,
107313,B5101V250CC-A,
107314,B5101V250CC-B,
107315,B5101V250CC-C,
108053,BN32RU62,
108099,BPF21,
108305,BV2BV-05011-EA,
108307,BV2BV-10011-EA,
108308,BV2BV-12511-EA,
108309,BV2BV-15011-EA,
108310,BV2BV-20011-EA,
108311,BV2BV-30011-EA,
108320,BV2IG-05011-EA,
108323,BV2IG-12511-EA,
108324,BV2IG-15011-EA,
109067,DGHW7,
109099,DM5,
110019,FRP-95-199,
110382,G600-F-AL,
110742,GPA-95-011,
110775,GRP-95-747,
110793,GRP-96-739,
110917,HA15S15F,
110918,HA15S15T,
111142,HSTBC1200,
112060,O246BU,
112061,O249BU,
112097,P3-TFG-5,
113023,RHA2530T,
113159,RPA-95-947,
113173,RRP-95-590,
113383,SCS4025F,
113915,STBC188,
113917,STBC212,
113937,STBC420L,
114204,TBC263,
114223,TBC675,
114644,W74D-2A-MB7,
114840,NF307Y50GHT,
114842,NF610Y100RAS,
114844,NF610Y50RAS,
114845,NF615Y100RAF,
114847,NF615Y50RAF,
114898,P3-TFG-1,
114899,P3-TFG-10,
114900,P3-TFG-11,
114901,P3-TFG-6,
114902,P3-TFG-8,
114903,P3-TFG-9,
115401,P3-TFG-7,
115545,P3-TFG-3,
115562,SW15,
837469,305,
837470,507,
837471,709,
837472,811,
837473,983,
837474,986,
837475,989,
837476,993,
837477,997,
837478,999,
837482,06.08.2404,
837540,04.06.2404,
837552,AS156,
837579,OCT32,
837597,4433,
837607,04.04.2501,
837646,02.06.2404,
837647,12.12.2503,
837693,06.08.5404,
837697,08.12.6405,
837792,16.12.2404,
837794,08.12.2501,
837819,4093,
837866,4063,
837867,804,
837868,817,
837899,12.10.2404,
837900,08.10.2404,
837901,08.12.2404,
837902,02.04.2404,
837903,08.04.2404,
837904,06.06.2404,
837905,08.06.2404,
837906,08.08.2404,
837907,16.12.2405,
837909,04.04.2405,
837910,08.06.2405,
837912,12.10.2501,
837914,02.06.2501,
837915,04.06.2501,
837916,06.06.2501,
837917,08.06.2501,
837918,12.08.2501,
837919,04.08.2501,
837920,08.08.2501,
837922,06.06.2503,
837966,04.06.5000,
837969,08.12.5404,
837974,04.06.5404,
837976,04.12.5406,
837977,08.12.5406,
837982,04.06.5406,
837983,02.08.5406,
837984,04.08.5406,
837985,06.08.5406,
838001,06.08.6401,
838002,08.08.6401,
838004,08.10.6405,
838005,16.12.6405,
838009,04.04.6405,
838010,06.04.6405,
838011,04.06.6405,
838012,06.06.6405,
838013,06.08.6405,
838014,08.08.6405,
838019,16.12.6410,
838020,08.06.6410,
838021,10.08.6410,
838022,06.08.6410,
838026,04.06.6500,
838037,12.12.6901,
838038,06.06.6901,
838039,06.08.6901,
838040,08.08.6901,
838250,12.12.2404,
838251,04.04.2404,
838252,06.04.2404,
838253,12.08.2404,
838254,08.10.2405,
838255,12.12.2405,
838256,02.04.2405,
838257,04.06.2405,
838258,06.06.2405,
838259,12.08.2405,
838260,06.08.2405,
838261,08.08.2405,
838262,08.10.2501,
838263,12.12.2501,
838264,02.04.2501,
838265,06.08.2501,
838266,08.10.2503,
838267,02.04.2503,
838268,04.04.2503,
838269,04.06.2503,
838270,06.08.2503,
838271,08.08.2503,
838280,02.06.5406,
838286,08.10.6401,
838287,12.12.6401,
838288,04.04.6401,
838289,08.10.6410,
838314,P3-TFG-2,
838373,5094,
838374,5106,
838375,6138,
838376,8160,
838377,8170,
838381,8180,
838465,110319,
838466,112012,
838491,13NHN-G100-600,
838524,13TR-30,
838525,13TR-50,
838671,04.08.2404,
838674,06.04.2501,
838675,12.10.2503,
838676,04.08.2503,
838820,40MP-SFYZ200,
838821,40MP-SFYZ300,
838850,4426,
838867,06.08.5000,
838871,5200-SFI-3V-RK1,
838873,5200-SFIV-RK1,
838879,02.12.5406,
838880,06.12.5406,
838891,02.04.5406,
838980,6200-7,
838981,6200-7X,
839016,63515600WP2,
839032,04.06.6401,
839033,06.06.6401,
839034,08.06.6401,
839040,12.10.6405,
839041,12.12.6405,
839044,02.04.6405,
839045,08.06.6405,
839051,12.10.6410,
839053,04.06.6410,
839055,10.12.6500,
839057,08.06.6500,
839058,10.08.6500,
839059,06.08.6500,
839081,08.10.6506,
839082,12.12.6506,
839084,04.04.6506,
839085,06.04.6506,
839086,04.06.6506,
839087,06.06.6506,
839088,08.08.6506,
839135,12.10.6901,
839136,08.10.6901,
839137,16.12.6901,
839138,08.12.6901,
839143,04.04.6901,
839144,06.04.6901,
839145,04.06.6901,
839146,08.06.6901,
839147,12.08.6901,
839246,ASCM38,
839248,ASCM68,
839255,ASTB15,
839276,B19WV-R100,
839401,B45BY-SKV150,
839403,B45BY-SKV250,
839413,B45MP-RK075,
839653,BV2BV-15011-EG,
839659,BV2BV-20011-EG,
839660,BV2BV-20011-EK,
839670,BV2BV-30011-ET,
839750,BV2IG-07511-BCC,
839762,BV2IG-12511-BCC,
839768,BV2IG-15011-BCC,
839778,BV2IG-20011-ET,
839780,BV2IG-30011-BCC,
839791,BV3BVLR-0251BCC,
839798,BV3BVLR-0381BCC,
839805,BV3BVLR-0501BCC,
839812,BV3BVLR-0751BCC,
839819,BV3BVLR-1001BCC,
839826,BV3BVLR-1251BCC,
839833,BV3BVLR-1501BCC,
839847,BV3BVLR-2501BCC,
839854,BV3BVLR-3001BCC,
839888,BV3BVTR-1001BBC,
839918,BV3BVTR-3001-EA,
839922,BV3BVTR-3001-ET,
839938,BV3IGLF-0381BCC,
839945,BV3IGLF-0501BCC,
839952,BV3IGLF-0751BCC,
839959,BV3IGLF-1001BCC,
839966,BV3IGLF-1251BCC,
839973,BV3IGLF-1501BCC,
840036,BV3IGTF-2001BCC,
840637,G400-C-SSCR,
840755,L1110-L2287,
840901,NIPPLE/1,
840916,NZMQC5P-120,
840917,NZMQC5P-150,
840918,O-RING-AS-334,
840936,PIN5/16X11/4P,
841531,VR6000-3,
841532,VR6000-4,
841533,VR6000-5,
841535,VR6000-7,
841536,VR6000-8,
841537,VR6000-9,
1153867,40MP-GRE600,
1153961,B5104E400BB-D,
1153975,B5104V100BB-D,
1153979,B5104V200BB-D,
1154418,VR6000-1,
2033551,10-DBHU-10,
2033552,10-DCAP,
2033553,10-DELU-10,
2033554,10-DFC-8,
2033555,10-DFPLUG,
2033556,10-DTTT-10,
2033557,10-DU,
2033558,100DWSPAL,
2033559,100SEGCOLL,
2033560,10EF10-S,
2033561,10VEPDP-A,
2033562,10VEPF10,
2033563,1105102,
2033564,1110060,
2033565,112DSK,
2033566,114/2D-TK,
2033567,114DAL-AV-16,
2033568,114DAL-AV-19,
2033569,114DAL-AV-25,
2033570,114DAV-SK,
2033571,114DSK,
2033572,12-DBHU-12,
2033573,12-DCAP,
2033574,12-DELU-12,
2033575,12-DFC-12,
2033576,12-DFC-8,
2033577,12-DFE-12,
2033578,12-DFE-8,
2033579,12-DFPLUG,
2033580,12-DMC-16,
2033581,12-DRATT-16,
2033582,12-DTMT-12,
2033583,12-DTTM-12,
2033584,12-DTTM-8,
2033585,12-DTTT-12,
2033586,12-DTTT-6,
2033587,12-DTTT-8,
2033588,12-DU,
2033589,1204-20-20,
2033590,1204-24-24,
2033591,120SEGCOLL,
2033592,1231-05-05,
2033593,1231-20-20,
2033594,1250SK,
2033595,1250TK,
2033596,12EF12-S,
2033597,12VEPDP-A,
2033598,12VEPF12,
2033599,13BNH,
2033600,13LW,
2033601,13MHHM500SN,
2033602,13MHHV-Q400,
2033603,13MHHV600,
2033604,13SN,
2033605,1404550,
2033606,1404551,
2033607,1404620,
2033608,1404621,
2033609,14QMP-G100,
2033610,14QMP-G150,
2033611,14QMP-G200,
2033612,14QMP-G250,
2033613,14QMP-G300,
2033614,14QMP-G400,
2033615,14QMP-G600,
2033616,14VB-R600,
2033617,14VB-R800,
2033618,14WMV-R600,
2033619,1500SK,
2033620,15020FXFAL00000,
2033621,15020FXFMI00000,
2033622,15030FXFAL00000,
2033623,15030FXFMI00000,
2033624,1510-C-SS,
2033625,1510-E-SS,
2033626,15B15-100RBS,
2033627,15B15-50RBS,
2033628,15B15-75RBF,
2033629,16-DBHU-16,
2033630,16-DCAP,
2033631,16-DELU-16,
2033632,16-DFC-16,
2033633,16-DFE-16,
2033634,16-DFPLUG,
2033635,16-DMC-12,
2033636,16-DMC-16,
2033637,16-DME-12,
2033638,16-DME-16,
2033639,16-DTMT-16,
2033640,16-DTTM-12,
2033641,16-DTTM-16,
2033642,16-DTTT-12,
2033643,16-DTTT-16,
2033644,16-DU,
2033645,16101-RH,
2033646,16167,
2033647,16AI-14I100R,
2033648,16AI-14I150R,
2033649,16AI-14I200R,
2033650,16AI-14I250R,
2033651,16AI-14I300R,
2033652,16AI-14I400R,
2033653,16AI-14I600R,
2033654,16AI-14I800R,
2033655,16AI-15I100R,
2033656,16AI-15I150R,
2033657,16AI-15I200R,
2033658,16AI-15I250R,
2033659,16AI-15I300R,
2033660,16AI-15I400R,
2033661,16AI-15I600R,
2033662,16AI-15I800R,
2033663,16EF16-S,
2033664,16VEPDP-A,
2033665,16VEPF16,
2033666,177-0202SS,
2033667,177-0303SS,
2033668,177-0404SS,
2033669,177-0606SS,
2033670,177-0808SS,
2033671,179-0202SS,
2033672,179-0303SS,
2033673,179-0404SS,
2033674,179-0606SS,
2033675,179-0808SS,
2033676,18-458-00017,
2033677,1800408F,
2033678,1800408FSS,
2033679,1800409F,
2033680,1800409FSS,
2033681,1800410F,
2033682,1800410FSS,
2033683,1800509F,
2033684,1800509FSS,
2033685,1800510F,
2033686,1800510FSS,
2033687,1800511F,
2033688,1800610F,
2033689,1800610FSS,
2033690,1800611F,
2033691,1800611FSS,
2033692,1800612F,
2033693,1800612FSS,
2033694,1800814F,
2033695,1800814FSS,
2033696,1800815F,
2033697,1800815FSS,
2033698,1800816F,
2033699,1820402S,
2033700,1820402SS,
2033701,1820404S,
2033702,1820404SS,
2033703,1820406S,
2033704,1820504S,
2033705,1820504SS,
2033706,1820506S,
2033707,1820604S,
2033708,1820604SS,
2033709,1820606S,
2033710,1820606SS,
2033711,1820608S,
2033712,1820804S,
2033713,1820806S,
2033714,1820806SS,
2033715,1820808S,
2033716,1820808SS,
2033717,1840404A,
2033718,1840406A,
2033719,1840504A,
2033720,1840604A,
2033721,1840606A,
2033722,1840808A,
2033723,2-DFC-2,
2033724,2-DMC-2,
2033725,2-DMC-4,
2033726,2-DTMT-2,
2033727,2-DTTM-2,
2033728,2-DU,
2033729,200-LH-SI,
2033730,200DBAL,
2033731,2015-B-ALNST,
2033732,2025-D-ALNST,
2033733,2025-F-ALNST,
2033734,21010,
2033735,21012,
2033736,211-0200C,
2033737,211-0400C,
2033738,211-0600C,
2033739,211-0800C,
2033740,211-1200C,
2033741,220FXFAL00000,
2033742,220FXFMI00000,
2033743,230FXFAL00000,
2033744,230FXFMI00000,
2033745,2404-20-20,
2033746,2404-24-24,
2033747,2404-32-32,
2033748,02.05.2404,
2033749,2405-20-20,
2033750,16.12.2501,
2033751,2501-20-16,
2033752,2501-20-20,
2033753,2501-24-24,
2033754,2501-32-32,
2033755,2503-16-12,
2033756,2720400W,
2033757,2720500W,
2033758,2720600W,
2033759,2720800W,
2033760,2721000W,
2033761,2721200W,
2033762,2721600W,
2033763,2HTDP,
2033764,2VEPDP-A,
2033765,2VEPF2,
2033766,2WCA4025F-C,
2033767,2WCA4025F-P,
2033768,2WCA4025F-SP-C,
2033769,2WCA4025F-SP-P,
2033770,2WCA4030F-P,
2033771,2WCA6025F-C,
2033772,2WCA6025F-P,
2033773,2WCA6025F-SP-C,
2033774,2WCA6025F-SP-P,
2033775,2WSA4025F,
2033776,2WSA4025F-SP,
2033777,2WSA6025F,
2033778,2WSA6025F-SP,
2033779,300-A-HA,
2033780,300-DC-ALPH,
2033781,300-DP-ALPH,
2033782,300-E-HA,
2033783,300-F-HA,
2033784,300-LH-SI,
2033785,300DBAL,
2033786,300GTHKBF,
2033787,3025-A-ALNST,
2033788,3025-B-ALNST,
2033789,3025-D-ALNST,
2033790,3025-F-ALNST,
2033791,320FXFAL00000,
2033792,320FXFMI00000,
2033793,330FXFAL00000,
2033794,330FXFMI00000,
2033795,3505WF,
2033796,3508WF,
2033797,3509WF,
2033798,3510WF,
2033799,3511WF,
2033800,3518WF2,
2033801,3S-B-15U-GFBKSS,
2033802,3S-B-15U-GFBTSS,
2033803,3S-B-2U-GFBKSS,
2033804,3S-B-2U-GFBTSS,
2033805,3S-C-15U-GFBKSS,
2033806,3S-C-15U-GFBTSS,
2033807,3S-C-2U-GFBKSS,
2033808,3S-C-2U-GFBTSS,
2033809,3S-D-15U-GFBKSS,
2033810,3S-D-15U-GFBTSS,
2033811,3S-D-2U-GFBKSS,
2033812,3S-D-2U-GFBTSS,
2033813,3S-E-15U-GFBKSS,
2033814,3S-E-15U-GFBTSS,
2033815,3S-E-2U-GFBKSS,
2033816,3S-E-2U-GFBTSS,
2033817,3S-F-15U-GFBKSS,
2033818,3S-F-15U-GFBTSS,
2033819,3S-F-2U-GFBKSS,
2033820,3S-F-2U-GFBTSS,
2033821,3S-G-15U-GFBKSS,
2033822,3S-G-15U-GFBTSS,
2033823,3S-G-2U-GFBKSS,
2033824,3S-G-2U-GFBTSS,
2033825,3VEPDP-A,
2033826,3VEPF3,
2033827,3VEPF4,
2033828,4-DTTF-4,
2033829,4-DU-2,
2033830,400-DC-ALPH,
2033831,400-DP-ALPH,
2033832,400-LH-SI,
2033833,400DWX5TC,
2033834,4025REV90,
2033835,4030-RD-AL,
2033836,4030REV90,
2033837,40MPF-UW600,
2033838,42-019-01585,
2033839,42-019-01586,
2033840,420FXFAL00000,
2033841,430FXFAL00000,
2033842,44-251-00006,
2033843,4500RK,
2033844,4500RK-V,
2033845,46-003-00001,
2033846,46-011-00418,
2033847,4VEPDP-A,
2033848,4VEPF4,
2033849,4VEPF6,
2033850,5000-24L,
2033851,500BFP,
2033852,500GH4VBK,
2033853,500GTCAVITHK,
2033854,5204LSNG,
2033855,5204LSNGP,
2033856,5204NG,
2033857,5300BC,
2033858,5504-2,
2033859,572-0812,
2033860,572-1012,
2033861,572-1212,
2033862,574-0812,
2033863,574-1012,
2033864,574-1212,
2033865,575-0808,
2033866,575-1010,
2033867,575-1212,
2033868,5911212W,
2033869,600-C-MI,
2033870,600-E-MI,
2033871,6000-14C,
2033872,6000-15C,
2033873,6000-16C,
2033874,6000-17C,
2033875,60RB-06,
2033876,60RB-08,
2033877,61RB-06,
2033878,61RB-08,
2033879,6400-DTK,
2033880,6400ARK,
2033881,6400SGK,
2033882,04.10.6405,
2033883,10.12.6410,
2033884,08.10.6501,
2033885,12.12.6501,
2033886,6501-14-12,
2033887,6501-16-16,
2033888,6501-20-20,
2033889,6501-24-24,
2033890,6501-32-32,
2033891,02.04.6501,
2033892,04.04.6501,
2033893,02.05.6501,
2033894,04.06.6501,
2033895,06.06.6501,
2033896,06.08.6501,
2033897,08.08.6501,
2033898,12.10.6505,
2033899,08.10.6505,
2033900,12.12.6505,
2033901,08.12.6505,
2033902,6505-16-12,
2033903,6505-16-16,
2033904,6505-20-20,
2033905,6505-24-24,
2033906,6505-32-32,
2033907,02.04.6505,
2033908,04.04.6505,
2033909,04.05.6505,
2033910,04.06.6505,
2033911,06.06.6505,
2033912,06.08.6505,
2033913,6VEPDP-A,
2033914,6VEPF6,
2033915,8-DTMT-6,
2033916,8-DTMT-8,
2033917,8-DTTM-6,
2033918,8-DTTM-8,
2033919,80SEGCOLL,
2033920,8VEPDP-A,
2033921,8VEPF8,
2033922,900SK,
2033923,900TK,
2033924,90CDMHCB60225,
2033925,90CDMHCB60230,
2033926,90CREV5025,
2033927,90CREV5030,
2033928,90CREV6025,
2033929,90CREV6030,
2033930,90DCS4025F-C,
2033931,90DCS4025F-NB,
2033932,90DCS4025F-P,
2033933,90DCS4025F-SP,
2033934,90DCS4030F,
2033935,90DCS4030NYFD,
2033936,90DCS4030NYFDSP,
2033937,90DCS6025F-SP,
2033938,90DCS6030NYFD,
2033939,90FR3C4025,
2033940,90FR3C4025F,
2033941,90FR3C6025,
2033942,90FR3C6025F,
2033943,90FRC4025-D,
2033944,90FRC4025F-D,
2033945,90IRC4025G,
2033946,90IRC4025GF,
2033947,90SCS4025F-SP,
2033948,90SCS4025NYFD,
2033949,90TCS4025F,
2033950,90TCS4025F-NB,
2033951,90TCS6025F,
2033952,90TCS6025F-NB,
2033953,90TCS6025F-SP,
2033954,A515U50CBS,
2033955,ABH10150S,
2033956,ABN100F,
2033957,ABN100S,
2033958,ABN150F,
2033959,ABN150S,
2033960,ACPSO150,
2033961,AD400ALEZMTC,
2033962,AHGV250B,
2033963,AHGV250C,
2033964,AHGV250NS,
2033965,AHGV250Q,
2033966,AHGV250W,
2033967,AK3526-300FL,
2033968,AK4450NST,
2033969,AL-TPR35-30,
2033970,AL-TPR35-50,
2033971,AL-TPR35-70,
2033972,APRD250NYC,
2033973,ARPW15S10S,
2033974,ARPW25F15F,
2033975,ARPW25F25F,
2033976,ASHV1015F,
2033977,ASTB50,
2033978,ATC40ASSAPI,
2033979,ATC40ASSDDA,
2033980,ATCGF40,
2033981,AV150-N,
2033982,AV150-RBR,
2033983,AV150NYFD,
2033984,AV150S,
2033985,AV150T,
2033986,AV151-N,
2033987,AV151-RBR,
2033988,AV151NYFD,
2033989,AV250-N,
2033990,AV250-RBR,
2033991,AV250B-I,
2033992,AV250C-I,
2033993,AV250NYC,
2033994,AV250NYFD,
2033995,AV250Q-I,
2033996,AV250S,
2033997,AV250W-I,
2033998,AV251-N,
2033999,AV251-RBR,
2034000,AV251NYC,
2034001,AV251NYFD,
2034002,AV5-250F,
2034003,AV5-250NYFD,
2034004,AVAPR150F,
2034005,AVAPR150F-I,
2034006,AVAPR250F,
2034007,AVAPR250F-I,
2034008,AVAPRF150,
2034009,AVAPRF150-I,
2034010,AVAPRF250,
2034011,AVAPRF250-I,
2034012,AVF5-250,
2034013,B24RG-G500,
2070710,B2S-R50P,
2070711,B2SXL12-R150,
2070712,B2SXL12-R200,
2070713,B2SXL12-R300,
2070714,B2SXL12-R400,
2070715,B2SXL18-R150,
2070716,B2SXL18-R200,
2070717,B2SXL18-R250,
2070718,B2SXL18-R300,
2070719,B2SXL24-R150,
2070720,B2SXL24-R200,
2070721,B2SXL24-R250,
2070722,B2SXL24-R300,
2070723,B2SXL36-R300,
2070724,B2SXL36-R400,
2070725,B38W-R100,
2070726,B38W-R150,
2070727,B38W-R200,
2070728,B38W-R250,
2070729,B38W-R300,
2070730,B38W-R400,
2070731,B38W-R600,
2070732,B38W-R800,
2070733,B5101E050CC-F,
2070734,B5101E050CC-G,
2070735,B5101E050CC-H,
2070736,B5101E075CC-F,
2070737,B5101E075CC-G,
2070738,B5101E075CC-H,
2070739,B5101E100CC-G,
2070740,B5101E100CC-H,
2070741,B5101E150CC-G,
2070742,B5101E200CC-G,
2070743,B5101E300CC-G,
2070744,B5101E300CC-H,
2070745,B5101E400CC-G,
2070746,B5102E100-F,
2070747,B5102E100-H,
2070748,B5102E150-F,
2070749,B5102E150-G,
2070750,B5102E150-H,
2070751,B5102E200-F,
2070752,B5102E200-H,
2070753,B5102E250-F,
2070754,B5102E250-G,
2070755,B5102E250-H,
2070756,B5102E300-F,
2070757,B5102E400-F,
2070758,B5104E100CC-F,
2070759,B5104E100CC-H,
2070760,B5104E150CC-F,
2070761,B5104E150CC-H,
2070762,B5104E200CC-G,
2070763,B5104E200CC-H,
2070764,B5104E250CC-F,
2070765,B5104E250CC-H,
2070766,B5115-RKS150,
2070767,B5115-RKS200,
2070768,B5115-RKS300,
2070769,B5115-RKS400,
2070770,B5115S150BB-C,
2070771,B5115S150CC-C,
2070772,B5115S200BB-C,
2070773,B5115S200CC-C,
2070774,B5115S300BB-C,
2070775,B5115S300CC-C,
2070776,B5115S400BB-C,
2070777,B5115S400CC-C,
2070778,B5121E1000LLBCC,
2070779,B5121E1200LLBCC,
2070780,B5121E200LL-BCC,
2070781,B5121E250LL-BCC,
2070782,B5121E300LL-BCC,
2070783,B5121E400LL-BCC,
2070784,B5121E500LL-BCC,
2070785,B5121E600LL-BCC,
2070786,B5121E800LL-BCC,
2070787,B5416MP-A100150,
2070788,B5416MP-A200,
2070789,B5416MP-A250,
2070790,B5416MP-A300,
2070791,B5416MP-A400,
2070792,B5416MP-A600,
2070793,B54BMP-R100,
2070794,B54BMP-R150,
2070795,B54BMP-R200,
2070796,B54BMP-R250,
2070797,B54BMP-R300,
2070798,B54BMP-R400,
2070799,B54BMP-R600,
2070800,B54BMP-SK100,
2070801,B54BMP-SK150,
2070802,B54BMP-SK200,
2070803,B54BMP-SK250,
2070804,B54BMP-SK300,
2070805,B54BMP-SK400,
2070806,B54G-P100,
2070807,B54G-P150,
2070808,B54G-P200,
2070809,B54G-P250,
2070810,B54G-P300,
2070811,B54G-P400,
2070813,BCC-050,
2070814,BCC-075,
2070815,BCC-100,
2070816,BCC-150,
2070817,BCC-200,
2070818,BCC-250,
2070819,BCC-300,
2070820,BCC-400,
2070821,BCC-600,
2070822,BCC-800,
2070823,BCW-050,
2070824,BCW-075,
2070825,BCW-100,
2070826,BCW-150,
2070827,BCW-200,
2070828,BCW-250,
2070829,BCW-300,
2070830,BCW-400,
2070831,BCW-600,
2070832,BCW-800,
2070833,BFNE150,
2070834,BL-RK10,
2070835,BL-RK102,
2070836,BL-RK11,
2070837,BL-RK112,
2070838,BL-RK12,
2070839,BL-RK122,
2070840,BL-RK13,
2070841,BL-RK4,
2070842,BL005,
2070843,BLT50300,
2070844,BLT78500,
2070845,BN15NYFD,
2070846,BN25NYFD,
2070847,BNT100S,
2070848,BNT150S,
2070849,BOC-T04,
2070850,BOC-T06,
2070851,BOC-T08,
2070852,BOC-T12,
2070853,BOC-T16,
2070854,BOC-T20,
2070855,BOC-T24,
2070856,BOC-T32,
2070857,BRN150,
2070858,BRN150S-I,
2070859,BS-01-R100,
2070860,BS-01-R150,
2070861,BS-01-R200,
2070862,BS-01-R250,
2070863,BS-01-R300,
2070864,BS-02-R100-200,
2070865,BS-02-R250-300,
2070866,BS-05-R100-200,
2070867,BS-05-R250-300,
2070868,BS-09-U100-200,
2070869,BS-09-U250-300,
2070870,BS-1418-R100200,
2070871,BS-1418-R250300,
2070872,BS-1425-R100200,
2070873,BS-1425-R250300,
2070874,BS-16-R100,
2070875,BS-16-R150,
2070876,BS-16-R200,
2070877,BS-16-R250,
2070878,BS-16-R300,
2070879,BS-2418-R100200,
2070880,BS-2425-R100200,
2070881,BS-2425-R250300,
2070882,BS-26-R200,
2070883,BS-26-R300,
2070884,BS-31-R100-200,
2070885,BS-31-R250-300,
2070886,BS-32-R100-200,
2070887,BS-32-R250-300,
2070888,BS-35-R100-200,
2070889,BS-35-R250-300,
2070890,BS-36-R150,
2070891,BS-36-R200,
2070892,BS400,
2070893,BS500,
2070894,BS600,
2070895,BS800,
2070896,BSB-03,
2070897,BSB-04,
2070898,BSB-05,
2070899,BSB-06,
2070900,BSB-06T,
2070901,BSB-08,
2070902,BSB-10,
2070903,BSB-12,
2070904,BSB-12T,
2070905,BSB-16,
2070906,BSB-16T,
2070907,BSB-20Z,
2070908,BSKTST250F,
2070909,BSKTST250S,
2070910,BSKTST300F,
2070911,BSKTST300S,
2070912,BSKTST400F,
2070913,BSKTST400S,
2070914,BSKTST450F,
2070915,BSKTST500F,
2070916,BSKTST500S,
2070917,BSKTST600F,
2070918,BSKTST600S,
2070919,BSO150S,
2070920,BTB-T04,
2070921,BTB-T06,
2070922,BTB-T08,
2070923,BTB-T12,
2070924,BTB-T16,
2070925,BTB-T16Z,
2070926,BTB-T20Z,
2070927,BTB-T24Z,
2070928,BV2F,
2070929,BV2IG-05011-A,
2070930,BV2IG-05033-A,
2070931,BV2IG-07511-A,
2070932,BV2IG-07533-A,
2070933,BV2IG-10011-A,
2070934,BV2IG-10033-A,
2070935,BV2IG-12511-A,
2070936,BV2IG-12533-A,
2070937,BV2IG-15011-A,
2070938,BV2IG-15033-A,
2070939,BV2IG-20011-A,
2070940,BV2IG-20033-A,
2070941,BV2IG-25011-A,
2070942,BV2IG-25033-A,
2070943,BV2IG-30011-A,
2070944,BV2IG-30033-A,
2070945,BV2IG-40011-A,
2070946,BV2IG-40011-BBC,
2070947,BV2IG-40011-BCC,
2070948,BV2IG-40011-EA,
2070949,BV2IG-40011-EG,
2070950,BV2IG-40011-EK,
2070951,BV2IG-40011-ES,
2070952,BV2IG-40011-ET,
2070953,BV2IG-40033-A,
2070954,BV2M,
2070955,BW10150S-PC,
2070956,BW10AT,
2070957,BW75AT,
2070958,C1001,
2070959,C1002,
2070960,C1503,
2070961,C2001,
2070962,C2503,
2070963,C4504,
2070964,C6004,
2070965,C6005,
2070966,C7504,
2070967,C7505,
2070968,CAP100F-C,
2070969,CAP100FABS,
2070970,CAP100S-C,
2070971,CAP150F-C,
2070972,CAP150FABS,
2070973,CAP150S-C,
2070974,CAP200F-C,
2070975,CAP200FABS,
2070976,CAP200S-C,
2070977,CAP250F-C,
2070978,CAP250FABS,
2070979,CAP250S-C,
2070980,CAP300F-C,
2070981,CAP300FABS,
2070982,CAP400F-C,
2070983,CAP400F-C-LH,
2070984,CAP400FABS,
2070985,CAP450F-C,
2070986,CAP450F-C-LH,
2070987,CAP450FABS,
2070988,CAP500F-C,
2070989,CAP500F-C-LH,
2070990,CAP500FABS,
2070991,CAP600F-C,
2070992,CAP600F-C-LH,
2070993,CAP600FABS,
2070994,CDMHCB40225,
2070995,CDMHCB40230,
2070996,CDMHCB50230,
2070997,CDMHCB60225,
2070998,CDMHCB60230,
2070999,CF125-3CS,
2071000,CF125-3SS,
2071001,CF125-4CS,
2071002,CF125-4SS,
2071003,CF125-5CS,
2071004,CF125-5SS,
2071005,CF125-6CS,
2071006,CF125-6SS,
2071007,CF400-10CSHD,
2071008,CF400-11CSHD,
2071009,CF400-12CSHD,
2071010,CF400-13CSHD,
2071011,CF400-14CSHD,
2071012,CF400-15CSHD,
2071013,CF400-16CSHD,
2071014,CF400-6CSHD,
2071015,CF400-7CSHD,
2071016,CF400-8CSHD,
2071017,CF400-9CSHD,
2071018,CFB150NYF,
2071019,CFB250NYC,
2071020,CFB250NYF,
2071021,CFFR150,
2071022,CFFR150NST,
2071023,CFS800-1CS,
2071024,CFS800-2CS,
2071025,CFS800-3CS,
2071026,CFS800-4CS,
2071027,CFS800-5CS,
2071028,CFS800-6CS,
2071029,CFS800-7CS,
2071030,CFS800-8CS,
2071031,CGN150S,
2071032,CGSN151S,
2071033,CPV150S,
2071034,CS125-3CS,
2071035,CS125-3SS,
2071036,CS125-4CS,
2071037,CS125-4SS,
2071038,CS125-5CS,
2071039,CS125-5SS,
2071040,CS125-6CS,
2071041,CS125-6SS,
2071042,CSC-T04-1,
2071043,CSC-T04-2,
2071044,CSC-T06-1,
2071045,CSC-T06-2,
2071046,CSC-T08-1,
2071047,CSC-T08-2,
2071048,CSC-T12-1,
2071049,CSC-T12-2,
2071050,CSC-T16-1,
2071051,CSC-T16-2,
2071052,CSC-T20-1,
2071053,CSC-T20-2,
2071054,CSC-T24-1,
2071055,CSC-T24-2,
2071056,CSC-T32-1,
2071057,CSCTF25F30T-C,
2071058,CSCTF25F30T-P,
2071059,CSCTM25F30T-C,
2071060,CSCTM25F30T-P,
2071061,CSS100-3CS,
2071062,CSS100-4CS,
2071063,CSS100-5CS,
2071064,CSS100-6CS,
2071065,CSS100-7CS,
2071066,CSS100-8CS,
2071067,CSS150-1CS,
2071068,CSS150-2CS,
2071069,CSS150-3CS,
2071070,CSS150-4CS,
2071071,CSS150-5CS,
2071072,CSS150-6CS,
2071073,CSS150-7CS,
2071074,CSS150-8CS,
2071075,CSS150-9CS,
2071076,CSS200-10CS,
2071077,CSS200-11CS,
2071078,CSS200-12CS,
2071079,CSS200-3CS,
2071080,CSS200-4CS,
2071081,CSS200-5CS,
2071082,CSS200-6CS,
2071083,CSS200-7CS,
2071084,CSS200-8CS,
2071085,CSS200-9CS,
2071086,CSS300-10CS,
2071087,CSS300-11CS,
2071088,CSS300-12CS,
2071089,CSS300-1CS,
2071090,CSS300-2CS,
2071091,CSS300-3CS,
2071092,CSS300-4CS,
2071093,CSS300-5CS,
2071094,CSS300-6CS,
2071095,CSS300-7CS,
2071096,CSS300-8CS,
2071097,CSS300-9CS,
2071098,CSS400-10CS,
2071099,CSS400-11CS,
2071100,CSS400-12CS,
2071101,CSS400-5CS,
2071102,CSS400-6CS,
2071103,CSS400-7CS,
2071104,CSS400-8CS,
2071105,CSS400-9CS,
2071106,CSSR100CS,
2071107,CSSR150CS,
2071108,CSSR200CS,
2071109,CSSR300CS,
2071110,CSSR400CS,
2071111,CSSTF25F30T-C,
2071112,CSSTF25F30T-P,
2071113,CSSTF30F30T-P,
2071114,CSSTM25F30T-C,
2071115,CSSTM25F30T-P,
2071116,CVS12,
2071117,CVS18,
2071118,CVS24,
2071119,CVS36,
2071120,CWG-C-0.75-25,
2071121,CWG-C-1.00-25,
2071122,CWG-C-1.25-25,
2071123,CWG-C-1.50-25,
2071124,CWG-C-1.75-25,
2071125,CWG-C-2.00-25,
2071126,CWG-C-2.50-25,
2071127,CWG-C-3.00-25,
2071128,CWG-S-0.75-25,
2071129,CWG-S-1.00-25,
2071130,CWG-S-1.25-25,
2071131,CWG-S-1.50-25,
2071132,CWG-S-1.75-25,
2071133,CWG-S-2.00-25,
2071134,CWG-S-2.50-25,
2071135,CWG-S-3.00-25,
2071136,D18-04M,
2071137,D18-04MMB,
2071138,D28-04MMB,
2071139,D28-06MMB,
2071140,D815Y100RAS,
2071141,D815Y50RAS,
2071142,D8325-50RAF,
2071147,DCS4025F-C,
2071148,DCS4025F-NB,
2071149,DCS4025F-P,
2071150,DCS4025F-SP,
2071151,DCS4030F,
2071152,DCS4030NYFD,
2071153,DCS6025F-SP,
2071154,DDA800SSFL,
2071155,DDC200SSFL,
2071156,DDC300SSFL,
2071157,DDC400AL164TTMA,
2071158,DDC400SSFL,
2071159,DDC600SSFL,
2071160,DDC800SSFL,
2071161,DDSA075SS,
2071162,DDSA100SS,
2071163,DDSC075SS,
2071164,DDSC100SS,
2071165,DEFN075,
2071166,DFC-10,
2071167,DFC-12,
2071168,DFC-16,
2071169,DFC-2,
2071170,DFH-9283-100,
2071171,DFH-9292-001,
2071172,DFP1515F-D,
2071173,DFP15NYFD15NYFD,
2071174,DFP2525F-D,
2071175,DFP25NYFD25NYFD,
2071176,DGH7CSS,
2071177,DGH7PSS,
2071178,DGH7SS,
2071179,DM15-50RAS,
2071180,DM15100RAS,
2071181,DM25-50RAS,
2071182,DM25100RAS,
2071183,DMH1010F-D,
2071184,DMH1015F-D,
2071185,DMH1512,
2071186,DMH1515-D,
2071187,DMH1515F-D,
2071188,DMH1515NYC,
2071189,DMH1515NYFD,
2071190,DMH1525F-D,
2071191,DMH15F15F-D,
2071192,DMH15F15S-D,
2071193,DMH15F25F-D,
2071194,DMH15NYFD15NYFD,
2071195,DMH15S15S,
2071196,DMH2015F-D,
2071197,DMH2020-D,
2071198,DMH2025F-D,
2071199,DMH2025NYFD,
2071200,DMH2515F-D,
2071201,DMH2525F-D,
2071202,DMH2525NYC,
2071203,DMH2525NYFD,
2071204,DMH25F25F-D,
2071205,DMH25F25NYFD,
2071206,DMH25NYFD25NYFD,
2071207,DMH3025F-D,
2071208,DMH3030F-D,
2071209,DMH4045F-D,
2071210,DMH40F40F,
2071211,DMH6060F-D,
2071212,DMH75T15S,
2071213,DMOCA40225F,
2071214,DMOCA60225F,
2071216,DMP15F15S,
2071217,DMP15S15T,
2071218,DMR15F15S,
2071219,DMR15S15T,
2071220,DN-10,
2071221,DN-12,
2071222,DN-16,
2071223,DNOG6RB,
2071224,DRC-10,
2071225,DRC-12,
2071226,DRC-16,
2071227,DRC-2,
2071228,DTW300,
2071229,DW1002,
2071230,DW2501,
2071231,DW2503,
2071232,E10F10-B,
2071233,E10F10-S,
2071234,E10M10-B,
2071235,E12F12-B,
2071236,E12F12-S,
2071237,E12M12-B,
2071238,E16F16-B,
2071239,E16F16-S,
2071240,E16M16-B,
2071241,EL4H2MSS,
2071242,ER4020,
2071243,F128-X,
2071244,F23-04M,
2071245,F32G-2875,
2071246,F48G-4016,
2071247,F64G-5141,
2071248,FAPRAV250F,
2071249,FAPRAVF250,
2071250,FAPRAVG250F,
2071251,FAPRAVG250G,
2071252,FAPRVF250,
2071253,FAPRVG250,
2071254,FC150F-D,
2071255,FC150F-P,
2071256,FC250F-D,
2071257,FC250F-P,
2071258,FC300F-C,
2071259,FC400,
2071260,FFH1515NYFD,
2071261,FFH15NYFD15NYFD,
2071262,FFH15T15S,
2071263,FFH2525NYFD,
2071264,FHCS150,
2071265,FHPR150-100CBF,
2071266,FHPR150-50CBF,
2071267,FHPR150-75CBF,
2071268,FHR,
2071269,FJB-20Z-20,
2071270,FLC0318-02,
2071271,FLC0318-03,
2071272,FLC0318-04,
2071273,FLC0318-05,
2071274,FLC0318-06,
2071275,FLC0318-08,
2071276,FLC0318-10,
2071277,FLC0318-12,
2071278,FLC0318-16,
2071279,FLC0318-20,
2071280,FLC0318-24,
2071281,FLC0319-02,
2071282,FLC0319-03,
2071283,FLC0319-04,
2071284,FLC0319-05,
2071285,FLC0319-06,
2071286,FLC0319-08,
2071287,FLC0319-10,
2071288,FLC0319-12,
2071289,FLC0319-16,
2071290,FLC0319-20,
2071291,FLC0319-24,
2071292,FLC2402-04-04,
2071293,FLC2402-06-06,
2071294,FLC2402-08-08,
2071295,FLC2402-12-12,
2071296,FLC2403-02,
2071297,FLC2403-03,
2071298,FLC2403-04,
2071299,FLC2403-05,
2071300,FLC2403-06,
2071301,FLC2403-08,
2071302,FLC2403-10,
2071303,FLC2403-12,
2071304,FLC2403-16,
2071305,FLC2403-20,
2071306,FLC2403-24,
2071307,FLC2404-02,
2071308,FLC2404-02-04,
2071309,FLC2404-03-02,
2071310,FLC2404-04,
2071311,FLC2404-04-02,
2071312,FLC2404-04-06,
2071313,FLC2404-04-08,
2071314,FLC2404-05-02,
2071315,FLC2404-05-04,
2071316,FLC2404-06,
2071317,FLC2404-06-02,
2071318,FLC2404-06-04,
2071319,FLC2404-06-08,
2071320,FLC2404-08,
2071321,FLC2404-08-04,
2071322,FLC2404-08-06,
2071323,FLC2404-08-12,
2071324,FLC2404-10-06,
2071325,FLC2404-10-08,
2071326,FLC2404-10-12,
2071327,FLC2404-12,
2071328,FLC2404-12-08,
2071329,FLC2404-12-16,
2071330,FLC2404-16,
2071331,FLC2404-16-12,
2071332,FLC2404-16-20,
2071333,FLC2404-20,
2071334,FLC2404-20-12,
2071335,FLC2404-24,
2071336,FLC2405-02,
2071337,FLC2405-04,
2071338,FLC2405-04-02,
2071339,FLC2405-05-02,
2071340,FLC2405-06,
2071341,FLC2405-06-04,
2071342,FLC2405-08,
2071343,FLC2405-08-04,
2071344,FLC2405-08-06,
2071345,FLC2405-10-08,
2071346,FLC2405-12,
2071347,FLC2405-16,
2071348,FLC2405-20,
2071349,FLC2500-04,
2071350,FLC2500-05,
2071351,FLC2500-06,
2071352,FLC2500-08,
2071353,FLC2500-10,
2071354,FLC2500-12,
2071355,FLC2500-16,
2071356,FLC2500-20,
2071357,FLC2501-02,
2071358,FLC2501-03-02,
2071359,FLC2501-04,
2071360,FLC2501-04-02,
2071361,FLC2501-04-06,
2071362,FLC2501-05-02,
2071363,FLC2501-05-04,
2071364,FLC2501-06,
2071365,FLC2501-06-02,
2071366,FLC2501-06-04,
2071367,FLC2501-06-08,
2071368,FLC2501-08,
2071369,FLC2501-08-04,
2071370,FLC2501-08-06,
2071371,FLC2501-08-12,
2071372,FLC2501-10-06,
2071373,FLC2501-10-08,
2071374,FLC2501-12,
2071375,FLC2501-12-08,
2071376,FLC2501-16,
2071377,FLC2501-16-12,
2071378,FLC2501-20,
2071379,FLC2501-24,
2071380,FLC2603-02,
2071381,FLC2603-03,
2071382,FLC2603-04,
2071383,FLC2603-05,
2071384,FLC2603-06,
2071385,FLC2603-08,
2071386,FLC2603-10,
2071387,FLC2603-12,
2071388,FLC2603-16,
2071389,FLC2603-20,
2071390,FM1015,
2071391,FM1015F-D,
2071392,FM10S15T,
2071393,FM1515F-D,
2071394,FM1515NYFD,
2071395,FM1525F-D,
2071396,FM1530F,
2071397,FM15F15NYFD,
2071398,FM15F15S-D,
2071399,FM15F15T-D,
2071400,FM15F25F-D,
2071401,FM15NYFD15F,
2071402,FM15NYFD15T,
2071403,FM15S15F-D,
2071404,FM15S15T-D,
2071405,FM15S20T,
2071406,FM2015,
2071407,FM2015F-D,
2071408,FM20S15T,
2071409,FM20S25T,
2071410,FM2515F,
2071411,FM2525F-D,
2071412,FM2525NYC,
2071413,FM2525NYFD,
2071414,FM2525T,
2071415,FM25F15F-D,
2071416,FM25F15T-D,
2071417,FM25F25NYC,
2071418,FM25F25NYFD,
2071419,FM25F25T-D,
2071420,FM25NYC25F,
2071421,FM25NYC25T,
2071422,FM25NYFD15T,
2071423,FM25NYFD20T,
2071424,FM25NYFD25F,
2071425,FM25NYFD25NYFD,
2071426,FM25NYFD25T,
2071427,FM25NYFD30NYFD,
2071428,FM25NYFD30T,
2071429,FMBTFLY40F40F,
2071430,FMBTFLY40F45F,
2071431,FMBTFLY40F50F,
2071432,FMBTFLY40F60F,
2071433,FMBTFLY45F40F,
2071434,FMBTFLY45F45F,
2071435,FMBTFLY45F50F,
2071436,FMBTFLY45F60F,
2071437,FMBTFLY50F40F,
2071438,FMBTFLY50F45F,
2071439,FMBTFLY50F50F,
2071440,FMBTFLY50F60F,
2071441,FMBTFLY60F60F,
2071442,FMBV15F15F,
2071443,FMBV15S15S,
2071444,FMBV25F15F,
2071445,FMBV25F25F,
2071446,FMBV30F25F,
2071447,FMBV40F25F,
2071448,FMBV45F25F,
2071449,FMBV50F25F,
2071450,FMBV60F25F,
2071451,FMGR40F40F,
2071452,FMGR40F45F,
2071453,FMGR40F50F,
2071454,FMGR40F60F,
2071455,FMGR45F40F,
2071456,FMGR45F45F,
2071457,FMGR45F50F,
2071458,FMGR45F60F,
2071459,FMGR50F40F,
2071460,FMGR50F45F,
2071461,FMGR50F50F,
2071462,FMGR50F60F,
2071463,FMGR60F60F,
2071464,FMGV30-40F40F,
2071465,FMGV30-40F45F,
2071466,FMGV30-40F50F,
2071467,FMGV30-40F60F,
2071468,FMGV30-45F40F,
2071469,FMGV30-45F45F,
2071470,FMGV30-45F50F,
2071471,FMGV30-45F60F,
2071472,FMGV30-50F40F,
2071473,FMGV30-50F45F,
2071474,FMGV30-50F50F,
2071475,FMGV30-50F60F,
2071476,FMGV30-60F60F,
2071477,FMGV40F40F,
2071478,FMGV40F45F,
2071479,FMGV40F50F,
2071480,FMGV40F60F,
2071481,FMGV45F40F,
2071482,FMGV45F45F,
2071483,FMGV45F50F,
2071484,FMGV45F60F,
2071485,FMGV50F40F,
2071486,FMGV50F45F,
2071487,FMGV50F50F,
2071488,FMGV50F60F,
2071489,FMGV60F60F,
2071490,FP150F-C,
2071491,FP150F-D,
2071492,FP150F-P,
2071493,FP250F-D,
2071494,FP250F-P,
2071495,FP300,
2071496,FP300F-C,
2071497,FP300F-P,
2071498,FP400,
2071499,FP400F,
2071500,FP450F,
2071501,FP600F,
2071502,FR3C4025,
2071503,FR3C6025,
2071504,FR3C6025F,
2071505,FRC4025-D,
2071506,FRC4025F-D,
2071507,FRC6025NYFD,
2071508,FRR-T20,
2071509,FRRE-T20,
2071510,FRV250,
2071511,FRX,
2071512,FRX-C,
2071513,FRXCAP,
2071514,FSBV2525F,
2071515,FSBV325F,
2071516,FSBV425F,
2071517,FSBV525F,
2071518,FSBV625F,
2071519,FSBVR3-425F,
2071520,FSBVR3-525F,
2071521,FSBVR3-625F,
2071522,FSGR440F,
2071523,FSGR445F,
2071524,FSGR450F,
2071525,FSGR460F,
2071526,FSGR540F,
2071527,FSGR545F,
2071528,FSGR550F,
2071529,FSGR560F,
2071530,FSGV440F,
2071531,FSGV445F,
2071532,FSGV450F,
2071533,FSGV460F,
2071534,FSGV540F,
2071535,FSGV545F,
2071536,FSGV550F,
2071537,FSGV560F,
2071538,FSGVR30-440F,
2071539,FSGVR30-445F,
2071540,FSGVR30-450F,
2071541,FSGVR30-460F,
2071542,FSGVR30-540F,
2071543,FSGVR30-545F,
2071544,FSGVR30-550F,
2071545,FSGVR30-560F,
2071546,FSH-9293-020,
2071547,FSH-9293-120,
2071548,FSH-9293-220,
2071549,FSH-9293-25F,
2071550,FSH-9293-30F,
2071551,FSH-9293-40F,
2071552,FSH-9293-420,
2071553,FSH-9293-45F,
2071554,FSH-9293-50F,
2071555,FSH-9293-520,
2071556,FSH-9293-60F,
2071557,FSH-9296-000,
2071558,FSH-9296-100,
2071559,FSH-9296-200,
2071560,FSH-9296-300,
2071561,FSH-9296-400,
2071562,FSH-9296-500,
2071563,FSH-9644-25F,
2071564,FSH-9644-30F,
2071565,FSH-9644-40F,
2071566,FSH-9644-45F,
2071567,FSH-9644-50F,
2071568,FSH-9644-60F,
2071569,FSH-9645-25F,
2071570,FSH-9645-30F,
2071571,FSH-9645-40F,
2071572,FSH-9645-45F,
2071573,FSH-9645-50F,
2071574,FSH-9645-60F,
2071575,FSH-9682-000,
2071576,FSH-9682-000B,
2071577,FSH-9682-000C,
2071578,FSH-9682-000NS,
2071579,FSH-9682-000Q,
2071580,FSH-9682-000W,
2071581,FSH-9682-020,
2071582,FSH-9682-030,
2071583,FSH-9682-050,
2071584,FSH-9682-050B,
2071585,FSH-9682-050C,
2071586,FSH-9682-050NS,
2071587,FSH-9682-050Q,
2071588,FSH-9682-050W,
2071589,FSH-9682-100,
2071590,FSH-9682-120,
2071591,FSH-9682-130,
2071592,FSH-9682-150,
2071593,FSH-9682-200,
2071594,FSH-9682-220,
2071595,FSH-9682-230,
2071596,FSH-9682-250,
2071597,FSH-9682-300,
2071598,FSH-9682-350,
2071599,FSH-9682-400,
2071600,FSH-9682-420,
2071601,FSH-9682-430,
2071602,FSH-9682-450,
2071603,FSH-9682-500,
2071604,FSH-9682-520,
2071605,FSH-9682-530,
2071606,FSH-9682-550,
2071607,FSHV445F,
2071608,FSHV450F,
2071609,FSHV545F,
2071610,FSHV550F,
2071611,FSSV3-425F,
2071612,FSSV3-525F,
2071613,FSSV3-625F,
2071614,FSSV4-425F,
2071615,FSSV4-525F,
2071616,FSSV4-625F,
2071617,FSSV425F,
2071618,FSSV525F,
2071619,FSSV625F,
2071620,FST250F,
2071621,FST250S,
2071622,FST300F,
2071623,FST300S,
2071624,FST400F,
2071625,FST400S,
2071626,FST450F,
2071627,FST450S,
2071628,FST500F,
2071629,FST500S,
2071630,FST600F,
2071631,FST600S,
2071632,FSTP-LD-25F,
2071633,FSTP-LD-30F,
2071634,FSTP-LD-40F,
2071635,FSTP-LD-45F,
2071636,FSTP-LD-50F,
2071637,FSTP-LD-60F,
2071638,FSTP-LS-25F,
2071639,FSTP-LS-30F,
2071640,FSTP-LS-40F,
2071641,FSTP-LS-45F,
2071642,FSTP-LS-50F,
2071643,FSTP-LS-60F,
2071644,FSTP-SD-25F,
2071645,FSTP-SD-30F,
2071646,FSTP-SD-40F,
2071647,FSTP-SD-45F,
2071648,FSTP-SD-50F,
2071649,FSTP-SD-60F,
2071650,FSTP-SS-25F,
2071651,FSTP-SS-30F,
2071652,FSTP-SS-40F,
2071653,FSTP-SS-45F,
2071654,FSTP-SS-50F,
2071655,FSTP-SS-60F,
2071656,FWV15S10S,
2071657,FWV15S15S,
2071658,FX1500,
2071659,FX1500P,
2071660,FX1500PLUG,
2071661,FX1500S,
2071662,FX1500SP,
2071663,G1000E,
2071664,G1000T,
2071665,G1000V,
2071666,G1200E,
2071667,G1200T,
2071668,G1200V,
2071669,G150-A-ALNST,
2071670,G150-B-ALNST,
2071671,G150-B-ALSI,
2071672,G150-C-ALSI,
2071673,G150-D-ALNST,
2071674,G150-D-ALSI,
2071675,G150-DC-ALSI,
2071676,G150-F-ALNST,
2071677,G152HRPSI,
2071678,G200-AA-SS,
2071679,G200-B-ALSI,
2071680,G200-C-ALSI,
2071681,G200-D-ALSI,
2071682,G200-DC-ALSI,
2071683,G200-DD-SS,
2071686,G250-A-ALNST,
2071687,G250-B-ALNST,
2071688,G250-D-ALNST,
2071689,G250-F-ALNST,
2071690,G300-AA-SS,
2071691,G300-B-ALSI,
2071692,G300-C-ALSI,
2071693,G300-D-ALSI,
2071694,G300-DC-ALSI,
2071695,G300-DD-SS,
2071697,G3050,
2071698,G34HRPSI,
2071699,G400-B-ALSI,
2071700,G400-C-ALSI,
2071701,G400-D-ALSI,
2071702,G400-DC-ALSI,
2071703,G400-DD-AL,
2071705,G4030-C-AL,
2071706,G4030-E-AL,
2071707,G50-A-SS,
2071708,G50-B-SS,
2071709,G50-C-SS,
2071710,G50-D-SS,
2071711,G50-DC-SS,
2071712,G50-DP-SS,
2071713,G50-E-SS,
2071714,G50-F-SS,
2071715,G500-A-BR,
2071716,G500-B-BR,
2071717,G500-C-BR,
2071718,G500-D-BR,
2071719,G500-DC-BR,
2071720,G500-DP-BR,
2071721,G500-E-BR,
2071722,G500-F-BR,
2071723,G5040-DA-AL,
2071724,G600-C-ALCR,
2071725,G600-C-SSCR,
2071726,G600-E-ALCR,
2071727,G600-E-SSCR,
2071728,G600HRPSI,
2071729,G600V,
2071730,G800V,
2071731,GFN150,
2071732,GFN150NST,
2071733,GIBFV200,
2071734,GIBFV250,
2071735,GIBFV300,
2071736,GIBFV400,
2071737,GIBFV600,
2071738,GIBFV800,
2071739,GSTC1,
2071740,GSTC10,
2071741,GSTC15,
2071742,GSTC20,
2071743,GSTC25,
2071744,GSTC30,
2071745,GSTC35,
2071746,GSTC40,
2071747,GSTC5,
2071748,GSTC50,
2071749,GSTC60,
2071750,GV-HDWHL,
2071751,GV-KNOB,
2071752,GWDGV250F,
2071753,H360Y50SZ,
2071754,H440Y100SZ,
2071755,H450Y100SZ,
2071756,H450Y50UC,
2071757,H515R100RAF,
2071758,H515R100RAS,
2071759,H515R100UC,
2071760,H525R100RAF,
2071761,H525R100RAS,
2071762,H525R100UC,
2071763,H615Y100RAF,
2071764,H615Y100RAS,
2071765,H625Y100RAF,
2071766,H625Y100RAS,
2071767,HA0235,
2071768,HA0236,
2071769,HA0238,
2071770,HA0240,
2071771,HA0241,
2071772,HA0243,
2071773,HA1575,
2071774,HA1576-D,
2071775,HA15NYFD15T,
2071776,HA15NYFD76,
2071777,HA15S10S,
2071778,HA15S75,
2071779,HA15S75T,
2071780,HA15T10F,
2071781,HA15T15S,
2071782,HA20S15S,
2071783,HA20S15T,
2071784,HA2510T-D,
2071785,HA2515F-D,
2071786,HA2515T-D,
2071787,HA2576-D,
2071788,HA25NYC10T,
2071789,HA25NYC15F,
2071790,HA25NYC15T,
2071791,HA25NYC20T,
2071792,HA25NYC75T,
2071793,HA25NYC76,
2071794,HA25NYFD15F,
2071795,HA25NYFD15NYFD,
2071796,HA25NYFD15S,
2071797,HA25NYFD15T,
2071798,HA25NYFD20T,
2071799,HA25NYFD25F,
2071800,HA25NYFD75T,
2071801,HA25NYFD76,
2071802,HA25S15S,
2071803,HA25S15T,
2071804,HA30F15S,
2071805,HA30S25S,
2071806,HAB300EZ,
2071807,HAC300EZ,
2071808,HAD300EZ,
2071812,HD250F,
2071813,HD400F,
2071814,HD450F,
2071823,HFMEND100,
2071824,HFMEND120,
2071825,HFMEND80,
2071826,HFN150NYFD,
2071827,HFV10X10COUP,
2071828,HFV12X12COUP,
2071829,HFV60X60COUP,
2071830,HFV80X80COUP,
2071831,HGV-HDWHL,
2071832,HGV-KNOB,
2071833,HGVW250NYFD,
2071834,HH30145,
2071835,HHA1576,
2071836,HHA2576,
2071837,HHD02P,
2071838,HHD04P,
2071839,HHD04T,
2071840,HHD05T,
2071841,HHD06P,
2071842,HHD06T,
2071843,HHD08P,
2071844,HHD08T,
2071845,HHD10T,
2071846,HHD12P,
2071847,HHD12T,
2071848,HHD14T,
2071849,HHD16P,
2071850,HHD16T,
2071851,HHD20P,
2071852,HHD20T,
2071853,HHD24P,
2071854,HHD24T,
2071855,HHD32P,
2071856,HHD32T,
2071857,HNBGH74,
2071858,HNBGH75,
2071859,HNBGH76,
2071860,HNBGHF74,
2071862,HNBGHF75,
2071863,HNBGHF76,
2071864,HST02P,
2071865,HST04P,
2071866,HST04T,
2071867,HST05T,
2071868,HST06P,
2071869,HST06T,
2071870,HST08P,
2071871,HST08T,
2071872,HST10T,
2071873,HST12P,
2071874,HST12T,
2071875,HST14T,
2071876,HST16P,
2071877,HST16T,
2071878,HST20P,
2071879,HST20T,
2071880,HST24P,
2071881,HST24T,
2071882,HST32T,
2071883,HT2DC,
2071884,HTW02P,
2071885,HTW04P,
2071886,HTW04T,
2071887,HTW05T,
2071888,HTW06P,
2071889,HTW06T,
2071890,HTW08P,
2071891,HTW08T,
2071892,HTW10T,
2071893,HTW12P,
2071894,HTW12T,
2071895,HTW14T,
2071896,HTW16P,
2071897,HTW16T,
2071898,HTW20P,
2071899,HTW20T,
2071900,HTW24T,
2071901,HU1002200BW,
2071902,HU1002300,
2071903,HU1002300BW,
2071904,HU1002400BW,
2071905,HU100300N,
2071906,HU100400N,
2071907,HU100600N,
2071908,HU100600RN,
2071909,HU100800N,
2071910,HU100800RN,
2071911,HU1502200BW,
2071912,HU1502300,
2071913,HU1502300BW,
2071914,HU1502400,
2071915,HU1502400BW,
2071916,HU200400RN,
2071917,HU200600RN,
2071918,HU200800,
2071919,HU200800RN,
2071920,HU206300N,
2071921,HU206400N,
2071922,HU206600N,
2071923,HU206800N,
2071924,HU400200,
2071925,HU400300,
2071926,HU400400,
2071927,HU602200BW,
2071928,HU602300,
2071929,HU602300BW,
2071930,HU602400,
2071931,HU602400BW,
2071932,HUC207400,
2071933,HUF100300CS,
2071934,HUF100400CS,
2071935,HUF206300CS,
2071936,HUF206400CS,
2071937,HUF206400FLG,
2071938,HUF206400FLG-ST,
2071939,HUFALL600CS,
2071940,HUFALL800CS,
2071941,HUM100300CS,
2071942,HUM100400CS,
2071943,HUM100600CS,
2071944,HUM100800CS,
2071945,HUM206300CS,
2071946,HUM206400CS,
2071947,HUM206400FLG,
2071948,HUM206400FLG-ST,
2071949,HUM206600CS,
2071950,HUM206800CS,
2071951,HUMF100300CS,
2071952,HUMF100400CS,
2071953,HUMF100600CS,
2071954,HUMF100800CS,
2071955,HUMF206300CS,
2071956,HUMF206400CS,
2071957,HUMF206600CS,
2071958,HUMF206800CS,
2071959,HUP207400,
2071960,IBFVW300,
2071961,IBFVW400,
2071962,IBFVW600,
2071963,IBFVW800,
2071964,IHC250F,
2071965,IHC250NYFD,
2071966,IHC450F,
2071967,IRC4025G,
2071968,IRC4025GF,
2071969,IXFDPLG187,
2071970,IXFS32-3A,
2071971,JS311,
2071972,KSW06,
2071973,KSW08,
2071974,KSW12,
2071975,KSW16,
2071976,KSW20,
2071977,KSW24,
2071978,KSW32,
2071979,KSW40,
2071980,KSW48,
2071981,KSW56,
2071982,KSW64,
2071983,KSW96,
2071988,L100-A-SS,
2071989,L100-C-SS,
2071990,L100-DC-SS,
2071991,L100-DP-SS,
2071992,L100-E-SS,
2071993,L200-A-SS,
2071994,L200-C-SS,
2071995,L200-DC-SS,
2071996,L200-DP-SS,
2071997,L200-E-SS,
2071998,LFV100,
2071999,LFV125,
2072000,LFV150,
2072001,LFV200,
2072002,LFV50,
2072003,LFV75,
2072004,LOCKINGDEVICE,
2072005,LOCKINGDEVICE6,
2072006,LSS312,
2072007,LV4N6D,
2072008,LV6N6D,
2072009,LV6NAD,
2072010,LV8NAD,
2072011,M15-50RAT,
2072012,M15100RAT,
2072013,M18-02A,
2072014,M18-02M,
2072015,M18-03A,
2072016,M18-03M,
2072017,M18-04A,
2072018,M18-04M,
2072019,M20-50RAT,
2072020,M20100RAT,
2072021,M25-25RAS,
2072022,M25-50RAT,
2072023,M25100RAT,
2072024,M28-03A,
2072025,M28-03M,
2072026,M28-04A,
2072027,M28-04M,
2072028,M28-06A,
2072029,M28-06M,
2072030,ME502-12/8,
2072031,MGC10,
2072032,MGC104,
2072033,MGC12,
2072034,MGC16,
2072035,MGC20,
2072036,MGC24,
2072037,MGC28,
2072038,MGC32,
2072039,MGC36,
2072040,MGC40,
2072041,MGC44,
2072042,MGC48,
2072043,MGC52,
2072044,MGC56,
2072045,MGC6,
2072046,MGC64,
2072047,MGC72,
2072048,MGC8,
2072049,MGC80,
2072050,MGC88,
2072051,MGC96,
2072052,MOC250NYC-P,
2072053,MOC250NYFD-P,
2072054,MOC300F-P,
2072055,MOCA250F,
2072056,MOCA250F-C,
2072057,MOCA250F-P,
2072058,MPB-20Z-20,
2072059,MRV250,
2072060,MSBC200SSFL,
2072061,MSBC200SSMNPT,
2072062,MSBC300SSFL,
2072063,MSBC300SSMNPT,
2072064,MSBC400SSFL,
2072065,MSBC400SSMNPT,
2072066,MSBC500SSFL,
2072067,MSBC500SSMNPT,
2072068,MSBC600SSMNPT,
2072069,MSBV2525F,
2072070,MSBV325F,
2072071,MSBV425F,
2072072,MSBV525F,
2072073,MSBV625F,
2072074,MSBVR3-425F,
2072075,MSBVR3-525F,
2072076,MSBVR3-625F,
2072077,MSMG425F,
2072078,MSMG525F,
2072079,MSMG625F,
2072080,MSP400,
2072081,MSSV3-425F,
2072082,MSSV3-525F,
2072083,MSSV3-625F,
2072084,MSSV4-425F,
2072085,MSSV4-525F,
2072086,MSSV4-625F,
2072087,MSSV425F,
2072088,MSSV525F,
2072089,MSSV625F,
2072090,N-FTVLST-20F,
2072091,N-FTVLST-20S,
2072092,N25CS,
2072093,N35CS,
2072094,N40CS,
2072095,N5430-25F25F,
2072096,N5445-25F25F,
2072097,N5460-25F25F,
2072098,N5490-25F25F,
2072099,N60CS,
2072100,NAPRAV150F-15,
2072101,NAPRAV150F-20,
2072102,NAPRAV150F-25,
2072103,NAPRAV150F-30,
2072104,NAPRAV150F-35,
2072105,NAPRAV250F-55,
2072106,NAPRAV250F-60,
2072107,NAPRAV250F-65,
2072108,NAPRAV250F-70,
2072109,NAPRAV250F-75,
2072110,NAPRAV250F-80,
2072111,NAPRAV250F-90,
2072112,NAPRAVF150-15,
2072113,NAPRAVF150-20,
2072114,NAPRAVF150-25,
2072115,NAPRAVF150-30,
2072116,NAPRAVF150-50,
2072117,NAPRAVF250-55,
2072118,NAPRAVF250-60,
2072119,NAPRAVF250-65,
2072120,NAPRAVF250-70,
2072121,NAPRAVF250-75,
2072122,NAPRAVF250-80,
2072123,NAPRAVF250-85,
2072124,NAPRAVGFT250-55,
2072125,NAPRAVGFT250-60,
2072126,NAPRAVGFT250-65,
2072127,NAPRAVGFT250-70,
2072128,NAPRAVGFT250-75,
2072129,NAPRAVGFT250-80,
2072130,NAPRAVGFT250-85,
2072131,NAPRAVGFT250-95,
2072132,NAPRAVGT250-55,
2072133,NAPRAVGT250-60,
2072134,NAPRAVGT250-65,
2072135,NAPRAVGT250-70,
2072136,NAPRAVGT250-75,
2072137,NAPRAVGT250-80,
2072138,NAPRAVGT250-85,
2072139,NAPRAVGT250-95,
2072140,NAPRVF250-55,
2072141,NAPRVF250-60,
2072142,NAPRVF250-65,
2072143,NAPRVF250-70,
2072144,NAPRVF250-75,
2072145,NAPRVF250-80,
2072146,NAPRVF250-85,
2072147,NAPRVFT250-55,
2072148,NAPRVFT250-60,
2072149,NAPRVFT250-65,
2072150,NAPRVFT250-70,
2072151,NAPRVFT250-75,
2072152,NAPRVFT250-80,
2072153,NAPRVFT250-85,
2072154,NAPRVG250-55,
2072155,NAPRVG250-60,
2072156,NAPRVG250-65,
2072157,NAPRVG250-70,
2072158,NAPRVG250-75,
2072159,NAPRVGT250-55,
2072160,NAPRVGT250-60,
2072161,NAPRVGT250-65,
2072162,NAPRVGT250-70,
2072163,NAPRVGT250-75,
2072164,NAPRVGT250-80,
2072165,NAPRVGT250-85,
2072166,NCS-CSF-STZ450,
2072167,NCS-CSF-STZ460,
2072168,NCS-CSF-STZ540,
2072169,NCS-CSF-STZ550,
2072170,NCS-CSF-STZ560,
2072171,NCS-CSF-STZ640,
2072172,NCS-CSF-STZ650,
2072173,NCS-CSF-STZ650C,
2072174,NCS-CSF-STZ660,
2072175,NCS-FDFS-25F,
2072176,NCS-FDFS-25S,
2072177,NCS-FDFS-30F,
2072178,NCS-FDFS-30S,
2072179,NCS-FDFS-40F,
2072180,NCS-FDFS-40S,
2072181,NCS-FDFS-45F,
2072182,NCS-FDFS-45S,
2072183,NCS-FDFS-50F,
2072184,NCS-FDFS-50S,
2072185,NCS-FDFS-60F,
2072186,NCS-FDFS-60S,
2072187,NCS-FDSTZ-25,
2072188,NCS-FDSTZ-30,
2072189,NCS-FDSTZ-40,
2072190,NCS-FDSTZ-50,
2072191,NCS-FDSTZ-60,
2072192,NCS-LL-25SZ,
2072193,NCS-LL-30F,
2072194,NCS-LL-30SZ,
2072195,NCS-LL-40F,
2072196,NCS-LL-40SZ,
2072197,NCS-LL-45F,
2072198,NCS-LL-50F,
2072199,NCS-LL-50SZ,
2072200,NCS-LL-60F,
2072201,NCS-LL-60SZ,
2072202,NCS-LLSJ-25SZF,
2072203,NCS-LLSJ-25SZS,
2072204,NCS-LLSJ-30FF,
2072205,NCS-LLSJ-30FS,
2072206,NCS-LLSJ-30SZF,
2072207,NCS-LLSJ-30SZS,
2072208,NCS-LLSJ-40FF,
2072209,NCS-LLSJ-40FS,
2072210,NCS-LLSJ-40SZF,
2072211,NCS-LLSJ-40SZS,
2072212,NCS-LLSJ-45FF,
2072213,NCS-LLSJ-45FS,
2072214,NCS-LLSJ-50FF,
2072215,NCS-LLSJ-50FS,
2072216,NCS-LLSJ-50SZF,
2072217,NCS-LLSJ-50SZS,
2072218,NCS-LLSJ-60FF,
2072219,NCS-LLSJ-60FS,
2072220,NCS-LLSJ-60SZF,
2072221,NCS-LLSJ-60SZS,
2072222,NF307Y50GHT-KIT,
2072223,NF615-50RAQT,
2072224,NF615100RAQT,
2072225,NST150TC,
2072226,NST250TC,
2072227,O238BU,
2072228,O347BU,
2072229,O440BU,
2072230,O447BU,
2072231,PFN4005S,
2072232,PGH100,
2072233,PHFA-B-A,
2072234,PHFA6,
2072235,PLUG150F-C,
2072236,PLUG150S-C,
2072237,PLUG250F-C,
2072238,PLUG250S-C,
2072239,PLUG300F-C,
2072240,PLUG400F-C,
2072241,PLUG450F-C,
2072242,PLUG500F-C,
2072243,PLUG600F-C,
2072244,PPDV75,
2072245,PRN150F-C,
2072246,PRN250F-C,
2072247,PS743,
2072248,PSNP250NST,
2072249,PSNP250NYC,
2072250,PSNP250NYFD,
2072251,PSNP250S,
2072252,PSNP300NST,
2072253,PSNP300NYFD,
2072254,PV-HDWHL,
2072255,PV-KNOB,
2072256,PW15S15S,
2072257,PW615B100RAF,
2072258,PW615B100RAS,
2072259,PW615B100RBF,
2072260,PW615B50RAF,
2072261,PW615B50RAS,
2072262,PW615B50RBF,
2072263,PW625B100RAF,
2072264,PW625B100RAS,
2072265,PW625B100RBF,
2072266,PW625B50RAF,
2072267,PW625B50RAS,
2072268,QTF150S-F,
2072269,QTG-F,
2072270,QTM150S-F,
2072271,QTX150-F,
2072272,R75AAAS,
2072273,RC125EZCR,
2072274,RD250EZ,
2072275,RD300EZHD,
2072276,RD400EZHD,
2072277,RFC150,
2072278,RFC150F-C,
2072279,RFC200,
2072280,RFC250,
2072281,RFC250F-C,
2072282,RFC300F,
2072283,RFP150F,
2072284,RFP150F-C,
2072285,RHA15S75T,
2072286,RHA3025F,
2072287,RIC150F,
2072288,RN25CS,
2072289,RN35CS,
2072290,RN40CS,
2072291,RN60CS,
2072292,RPN42,
2072293,RRHS80,
2072294,RSE30250F-C,
2072295,RSE90250F-C,
2072296,RSF25F30T,
2072297,RSM150S,
2072298,RST15CS,
2072299,RV250,
2072300,S1025X750X120CS,
2072301,S1050X750X120CS,
2072302,S1100X600X120CS,
2072303,S1175X600X120CS,
2072304,S7100-15S,
2072305,S830X875X120CS,
2072306,S838X600X120CS,
2072307,S850X650X120CS,
2072308,S875X600X120CS,
2072309,S898X875X120CS,
2072310,S900X400X120CS,
2072311,S900X600X120CS,
2072312,S910X400X120CS,
2072313,S912X600X120CS,
2072314,S915X600X120CS,
2072315,S925X400X120CS,
2072316,S925X600X120CS,
2072317,S950X400X120CS,
2072318,S950X600X120CS,
2072319,S975X600X120CS,
2072320,SBC-E300CC13,
2072321,SBC-E300TP13,
2072322,SBC200ALFL,
2072323,SBC200ALMNPT,
2072324,SBC200SSFL,
2072325,SBC200SSMNPT,
2072326,SBC300ALFL,
2072327,SBC300ALMNPT,
2072328,SBC300SSFL,
2072329,SBC300SSMNPT,
2072330,SBC400ALFL,
2072331,SBC400ALMNPT,
2072332,SBC400ALTTMA,
2072333,SBC400SSFL,
2072334,SBC400SSMNPT,
2072335,SBC500ALFL,
2072336,SBC500ALMNPT,
2072337,SBC500SSFL,
2072338,SBC500SSMNPT,
2072339,SBC600ALFL,
2072340,SBC600ALMNPT,
2072341,SBC600SSFL,
2072342,SBC600SSMNPT,
2072343,SBV2525,
2072344,SBV325,
2072345,SBV425,
2072346,SBV525,
2072347,SBV625,
2072348,SC1200,
2072349,SC150-NL,
2072350,SC200-NL,
2072351,SC250-NL,
2072352,SC300-NL,
2072353,SC400-NL,
2072354,SC400ABS,
2072355,SC500-NL,
2072356,SC500ABS,
2072357,SC600-NL,
2072358,SCCW1200,
2072359,SCS4025NYFD,
2072360,SCVV400,
2072361,SDA200,
2072362,SDA300,
2072363,SDA400,
2072364,SDS200,
2072365,SDS300,
2072366,SDS400,
2072367,SF150F-D,
2072368,SF250F-C,
2072369,SF250F-D,
2072370,SF250F-P,
2072371,SF250NYFD,
2072372,SF25F20T-D,
2072373,SF25NYFD20T,
2072374,SF25NYFD30T,
2072375,SF300F-C,
2072376,SF300F-P,
2072377,SF300NYFD,
2072378,SF300NYFD-C,
2072379,SF300NYFD-P,
2072380,SFBTFLY4040F,
2072381,SFBTFLY4045F,
2072382,SFBTFLY4050F,
2072383,SFBTFLY4060F,
2072384,SFBTFLY5040F,
2072385,SFBTFLY5045F,
2072386,SFBTFLY5050F,
2072387,SFBTFLY5060F,
2072388,SFBTFLY6040F,
2072389,SFBTFLY6045F,
2072390,SFBTFLY6050F,
2072391,SFBTFLY6060F,
2072392,SGP200,
2072393,SGP250,
2072394,SGP300,
2072395,SGP400,
2072396,SGP500,
2072397,SGS150-NL,
2072398,SGS200-NL,
2072399,SGS250-NL,
2072400,SGS300-NL,
2072401,SGS400-NL,
2072402,SGS500-NL,
2072403,SGS600-NL,
2072404,SGV30-440,
2072405,SGV30-450,
2072406,SGV30-540,
2072407,SGV30-550,
2072408,SGV440,
2072409,SGV450,
2072410,SGV540,
2072411,SGV550,
2072412,SIC250F,
2072413,SJBV440,
2072414,SJBV540,
2072415,SJBV550,
2072416,SM150F-D,
2072417,SM150NYFD,
2072418,SM200S,
2072419,SM250F-D,
2072420,SM250NYC,
2072421,SM250NYFD,
2072422,SM25F20T-D,
2072423,SM25F30T-D,
2072424,SMB1525,
2072425,SMB450,
2072426,SP290,
2072427,SPA1002,
2072428,SPA1503,
2072429,SPA2503,
2072430,SPA4004,
2072431,SPA502,
2072432,SPA6004,
2072433,SS2404-12-12,
2072434,SS2404-16-16,
2072435,SS2404-4-4,
2072436,SS2404-6-6,
2072437,SS2404-8-8,
2072438,SS2405-12-12,
2072439,SS2405-16-16,
2072441,SS2405-4-4,
2072442,SS2405-6-6,
2072443,SS2405-8-8,
2072444,SS2501-12-12,
2072445,SS2501-16-16,
2072446,SS2501-4-4,
2072447,SS2501-6-6,
2072448,SS2501-8-8,
2072449,SSA30-440,
2072450,SSA30-550,
2072451,SSC-T04-1,
2072452,SSC-T04-2,
2072453,SSC-T06-1,
2072454,SSC-T06-2,
2072455,SSC-T08-1,
2072456,SSC-T08-2,
2072457,SSC-T12-1,
2072458,SSC-T12-2,
2072459,SSC-T16-1,
2072460,SSC-T16-2,
2072461,SSC-T20-1,
2072462,SSC-T20-2,
2072463,SSC-T24-1,
2072464,SSC-T24-2,
2072465,SSC-T32-1,
2072466,SSV3-425,
2072467,SSV3-525,
2072468,SSV3-625,
2072469,SSV4-425,
2072470,SSV4-525,
2072471,SSV4-625,
2072472,SSV425,
2072473,SSV525,
2072474,SSV625,
2072475,SSVJ440,
2072476,SSVJ540,
2072477,SSVJ550,
2072478,ST250,
2072479,ST300,
2072480,ST400,
2072481,ST500,
2072482,ST600,
2072483,STC15CS,
2072484,STC40CSHD,
2072485,STC80CS,
2072486,STMC10,
2072487,STMC12,
2072488,STMC16,
2072489,STV80CS,
2072490,STW100,
2072491,STZ-HANDLES,
2072492,STZ120,
2072493,STZ80,
2072494,SW-S400,
2072495,SW1530,
2072496,SW200,
2072497,SWB-2,
2072498,SWB-S-2,
2072499,SWB-S-4,
2072500,SWCV400,
2072501,SWG300-4,
2072502,SWMF-RK2,
2072503,SWMF-RK22,
2072504,SWMF-RK3,
2072505,SWMF-RK32,
2072506,SWMF-RK4,
2072507,SWMF-RK42,
2072508,SWMF-RK5,
2072509,SWMF-RK52,
2072510,SWMF-RK6,
2072511,SWRG80-250-4,
2072512,SZW2-NL,
2072513,TA1002,
2072514,TA1503,
2072515,TA2503,
2072516,TA502,
2072517,TCS4025F,
2072518,TCS4025F-NB,
2072519,TCS4025F-SP,
2072520,TCS6025F,
2072521,TCS6025F-NB,
2072522,TCS6025F-SP,
2072523,TFV1L,
2072524,TFV1S,
2072525,TFV2,
2072526,TFV2HB,
2072527,TG128-42,
2072528,TM1002,
2072529,TM128-42,
2072530,TM1503,
2072531,TM2503,
2072532,TM502,
2072554,TP128-42,
2072555,TPG,
2072556,TTFS4AL-FP50,
2072557,TTFS4SS,
2072558,TTFST35CS,
2072559,TTFST40CS,
2072560,TVPC200-300,
2072561,UHGV250F-D,
2072562,UPP250S,
2072563,VEP10DC-A,
2072564,VEP10F10,
2072565,VEP12DC-A,
2072566,VEP12F12,
2072567,VEP16DC-A,
2072568,VEP16F16,
2072569,VEP2DC-A,
2072570,VEP2F2,
2072571,VEP3DC-A,
2072572,VEP3F3,
2072573,VEP3F4,
2072574,VEP4DC-A,
2072575,VEP4F4,
2072576,VEP4F6,
2072577,VEP6DC-A,
2072578,VEP6F6,
2072579,VEP8DC-A,
2072580,VEP8F8,
2072581,VHCN003,
2072582,VHCN004,
2072583,VHCN006,
2072584,VHCN008,
2072585,VMIL400,
2072586,VR4040CS-AL,
2072587,VR4040CSRK1,
2072588,VR4040CSRK2,
2072589,VTX,
2072590,VTX-9,
2072591,WA4FL12X1050-1,
2072592,WA4FL12X1050-2,
2072593,WA4FL12X750-1,
2072594,WA4FL12X750-2,
2072595,WDGV150S,
2072596,WDGV250NYFD,
2072597,WDH15BK100RAF,
2072598,WDH15BK100UC,
2072599,WDH15BK50GAX,
2072600,WDH15BK50KAF,
2072601,WDH15BK50KAS,
2072602,WDH15BK50RAF,
2072603,WDH15BK50RAS,
2072604,WDH15BK50UC,
2072605,WDH20BK100GAX,
2072606,WDH20BK100KAS,
2072607,WDH20BK100RAS,
2072608,WDH20BK100UC,
2072609,WDH20BK50GAX,
2072610,WDH20BK50KAS,
2072611,WDH20BK50RAS,
2072612,WDH20BK50UC,
2072613,WH300-A,
2072614,WH300-G,
2072615,WH400-A,
2072616,WH400-G,
2072617,WOC-T04,
2072618,WOC-T06,
2072619,WOC-T08,
2072620,WOC-T12,
2072621,WOC-T16,
2072622,WOC-T20,
2072623,WOC-T24,
2072624,WOC-T32,
2072625,WP2H-ASSP-C,
2072626,WP2H-ASSP-P,
2072627,WP2H-HY-C,
2072628,WP2H-HY-P,
2072629,WP2H-PT-C,
2072630,WP2H-PT-P,
2072631,WP2HAS-C,
2072632,WP2HAS-P,
2072633,WP2HSP-C,
2072634,WP2HSP-P,
2072635,WP3HAS-C,
2072636,WP3HAS-P,
2072637,WP3HH-ASSP-C,
2072638,WP3HH-PT-C,
2072639,WP3HH-PT-P,
2072640,WP3HSP-C,
2072641,WP3HSP-P,
2072642,WP3HV-ASSP-P,
2072643,WP3HV-PT-P,
2072644,WSB-03,
2072645,WSB-04,
2072646,WSB-05,
2072647,WSB-06,
2072648,WSB-06T,
2072649,WSB-08,
2072650,WSB-10,
2072651,WSB-12,
2072652,WSB-12T,
2072653,WSB-16,
2072654,WSB-16T,
2072655,WSB-20Z,
2072657,WSS16,
2072658,WSS19,
2072659,WSS20,
2072660,WSS22,
2072661,WSS24,
2072662,WSS28,
2072663,WSS32,
2072664,WSS34,
2072665,WSS36,
2072666,WSS40,
2072667,WSS44,
2072668,WSS48,
2072669,WSS52,
2072670,WSS56,
2072671,WSS60,
2072672,WSS64,
2072673,WSS72,
2072674,WSS80,
2072675,WSS88,
2072676,WTB-T04,
2072677,WTB-T06,
2072678,WTB-T08,
2072679,WTB-T12,
2072680,WTB-T16,
2072681,WTB-T16Z,
2072682,WTB-T20Z,
2072683,WTB-T24Z,
2072684,XLS-C7A0120P,
2563270,FD47IR-150-100,
2874088,SBC100SSEPD,
2874089,SBC200SSEPD,
2932045,1040606C,
2932046,1040606SS,
2932240,12WSF12-SS-BOP,
2932913,2DM2-B,
2934070,8WSF8-SS-BOP,
2935443,WS12F12-SS-BOP,
2935460,WS8F8-SS-BOP,
