id,catalog_number,
2979082,1400    
2980297,2000    
2982424,2017    
2982425,2018    
2982436,2528    
2979467,4152    
2979966,4700    
2980015,4740    
2979499,4807    
2979500,4808    
2979577,4809    
2979646,4810    
2979675,4811    
2979720,4812    
2979606,4907    
2979607,4908    
2979608,4909    
2979609,4910    
2979610,4911    
2979611,4912    
2978449,5270    
2978450,5280    
2978452,5299    
2978592,5307    
2978593,5308    
2978595,5310    
2978596,5311    
2978597,5316    
2978598,5317    
2978599,5318    
2978601,5320    
2978602,5321    
2978590,6200    
2978615,6212    
2978673,6300    
2978273,7100    
2978274,7102    
2978534,8010    
2978327,8100    
2978421,8200    
2978642,8516    
2978769,8526    
2978472,8800    
2978423,8808    
2978516,9018    
2978667,9124    
2980614,9312    
2980764,9318    
2982343,9371    
2982368,9378    
2978791,9433    
2978878,9750    
2978950,9751    
2978964,9760    
2979010,9761    
2978383,S063E4  
2978446,S072E4  
2978448,S075E4  
2980120,38525MW 
2980167,1003    
2980221,1003    
2980298,1003    
2980100,100C    
2980168,100C    
2980091,100J    
2978762,1200S   
2978845,1200S   
2978917,1200    
2978955,1200    
2978763,12010   
2978764,12010   
2978792,12010   
2980077,1211JNKE
2979072,1211    
2978639,1220D   
2978640,1220    
2978864,1230    
2978865,1230    
2978918,1230    
2978919,1231    
2978920,1231    
2978947,1231    
2979124,12440R  
2979125,12440R  
2977958,12WPCE  
2977959,12WPCE  
2977960,12WPC   
2977961,12WPC   
2977964,12WPC   
2977962,12WPC   
2977921,12WP    
2977922,12WPL   
2977923,12WPL   
2977924,12WPL   
2977925,12WPL   
2977931,12WPL   
2977926,12WPL   
2978957,1300    
2978958,1300    
2978981,1300    
2979029,1310    
2979030,1310    
2979073,1310    
2979098,1310    
2979131,1311    
2979360,1320    
2979049,1400B   
2979802,1400K   
2979803,1400K   
2979804,1400K   
2979833,1400K   
2979867,1400K   
2982442,1400    
2979156,1400    
2982443,1400RH  
2979157,1400    
2979214,1400    
2979316,1400    
2979405,1400    
2979380,1411    
2979381,1411    
2979440,1411    
2979490,1411    
2979362,1417    
2979363,1417    
2979406,1417    
2979432,1417    
2979441,1418    
2979031,1420A   
2979365,14401DP 
2979263,1440    
2979468,1450    
2979264,1500K   
2979265,1500K   
2979266,1500K   
2979317,1500K   
2979469,16010   
2979470,16010   
2979471,16010   
2979472,16010   
2979473,16010   
2979474,16010   
2979521,16010   
2979522,16010   
2979530,16011   
2979663,16012   
2979664,16012   
2979665,16012   
2979666,16012   
2979731,16012   
2979732,16012   
2979639,16017   
2979667,16017   
2979820,16025   
2979382,1685    
2979640,1700    
2979641,1700    
2979642,1700    
2979733,1700    
2979821,1700    
2979898,1702    
2979899,1702    
2979943,1702    
2979714,1710    
2979715,1710    
2979805,1710    
2979984,1715P   
2979985,1715P   
2979986,1715P   
2979994,1715P   
2982306,1717A   
2982307,1717A   
2982308,1717A   
2982309,1717A   
2979834,1730    
2979900,1730    
2980043,1734    
2980017,1735    
2980018,1735    
2980027,1735    
2979651,1900    
2979652,1900    
2979653,1900    
2979699,1900    
2979700,1910    
2979827,1911    
2979032,1921    
2979643,19251   
2979644,19251   
2979645,19251   
2979668,19251   
2979283,1925    
2979284,1925    
2979285,1925    
2979875,1925W   
2979876,1925W   
2979877,1925W   
2979886,1925W   
2979318,1925    
2979669,19261   
2979670,19261   
2979671,19261   
2979701,19261   
2979132,1930    
2979133,1930    
2979134,1930    
2979173,1930    
2979051,1931    
2979366,1932    
2979367,1932    
2979368,1932    
2979416,1932    
2979319,1933    
2979320,1933    
2979321,1933    
2979407,1933    
2979806,1935    
2979807,1935    
2979808,1935    
2979835,1935    
2979828,1936    
2979829,1936    
2979863,1936    
2979702,1940    
2978963,1950    
2979232,1952    
2979233,1952    
2979234,1952    
2979286,1952    
2979235,1952    
2979322,1952    
2979491,1955    
2979492,1955    
2979493,1955    
2979531,1955    
2979449,1956    
2979450,1956    
2979451,1956    
2979494,1956    
2979200,1960    
2979614,1965    
2979615,1965    
2979672,1965    
2979734,1965    
2979673,1966    
2979601,1970    
2979602,1970    
2979603,1970    
2979674,1970    
2979716,1970    
2980269,2003F   
2980270,2003F   
2980271,2003F   
2980328,2003F   
2980329,2003F   
2980424,2003F   
2980425,2003F   
2980426,2003F   
2980272,2003F   
2980273,2003    
2980274,2003    
2980275,2003    
2980276,2003    
2980277,2003    
2980330,2003    
2980331,2003    
2980427,2003    
2980428,2003    
2980278,2003    
2980101,200BF   
2980116,200BF   
2980102,200BF   
2980103,200BF   
2980104,200BF   
2980105,200BF   
2980117,200BF   
2980106,200BP   
2980107,200BP   
2980118,200BP   
2980108,200BP   
2980109,200BP   
2980110,200BP   
2980111,200BP   
2980169,200BP   
2980112,200BP   
2980185,200CH   
2980222,200CH   
2980186,200CH   
2980187,200CH   
2980188,200CH   
2980189,200C    
2980190,200C    
2980191,200C    
2980192,200C    
2980193,200C    
2980194,200C    
2980279,200C    
2980280,200C    
2980195,200C    
2980170,200JH   
2980171,200JH   
2980172,200JH   
2980223,200JH   
2980224,200JH   
2980173,200JH   
2980174,200J    
2980175,200J    
2980176,200J    
2980177,200J    
2980178,200J    
2980225,200J    
2980226,200J    
2980243,200J    
2980179,200J    
2980088,200PW   
2980089,200PW   
2980092,200PW   
2980113,200PW   
2980114,200PW   
2980115,200PW   
2980090,200PW   
2981317,2013    
2981339,2013    
2980792,2013    
2980793,2013    
2981041,2013R   
2981042,2013R   
2981043,2013R   
2981081,2013R   
2981100,2013R   
2981111,2013R   
2981203,2013R   
2981044,2013R   
2980831,2013    
2980847,2013    
2980794,2013    
2980702,201C    
2981143,201C    
2981144,201CL3  
2981196,201CL3  
2981218,201CL3  
2981276,201CL3  
2981145,201CL3  
2980714,201C    
2980967,201CR   
2980968,201CR   
2980978,201CR   
2980981,201CR   
2980999,201CR   
2980969,201CR   
2980742,201C    
2980765,201C    
2980743,201C    
2981029,2083    
2981030,2083    
2981031,2083    
2981047,2083    
2981084,2083    
2981103,2083    
2981032,2083    
2980180,220JH   
2980181,220JH   
2980182,220JH   
2980227,220JH   
2980183,220JH   
2980196,2303    
2980197,2303    
2980198,2303    
2980281,2303    
2980282,2303    
2980283,2303    
2980199,2303    
2980164,230C    
2980165,230C    
2980200,230C    
2980201,230C    
2980202,230C    
2980166,230C    
2980332,2403    
2980333,2403    
2980703,2403R   
2980704,2403R   
2980744,2403R   
2980766,2403R   
2980812,2403R   
2980705,2403R   
2980334,2403    
2980429,2403    
2980430,2403    
2980491,2403    
2980335,2403    
2980203,240C    
2980204,240C    
2980205,240C    
2980206,240C    
2980284,240C    
2980285,240C    
2980336,240C    
2980207,240C    
2980228,240J    
2980229,240J    
2980244,240J    
2980230,240J    
2980231,240J    
2980232,240J    
2980571,2413    
2980572,2413    
2980573,2413    
2980615,2413    
2980616,2413    
2980637,2413    
2980574,2413    
2980337,241C    
2980338,241C    
2980339,241C    
2980431,241C    
2980432,241C    
2980433,241C    
2980340,241C    
2980492,2433    
2980493,2433    
2980494,2433    
2980546,2433    
2980495,2433    
2980341,243C    
2980342,243C    
2980434,243C    
2980343,243C    
2980496,2473    
2980497,2473    
2980498,2473    
2980547,2473    
2980499,2473    
2980286,247C    
2980287,247C    
2980344,247C    
2980435,247C    
2980436,247C    
2980500,247C    
2980288,247C    
2980767,2603    
2980768,2603    
2980790,2603    
2980791,2603    
2980825,2603    
2980845,2603    
2980865,2603    
2980763,2603    
2980617,260C    
2980618,260C    
2980628,260C    
2980638,260C    
2980639,260C    
2980670,260C    
2980671,260C    
2980619,260C    
2980620,267C    
2980621,267C    
2980622,267C    
2980640,267C    
2980641,267C    
2980672,267C    
2980706,267C    
2980623,267C    
2980345,2903    
2980346,2903    
2980361,2903    
2980347,2903    
2980437,2903    
2980438,2903    
2980348,2903    
2980795,2981    
2980796,2981    
2980797,2981    
2980798,2981    
2980832,2981    
2980848,2981    
2980799,2981    
2980769,3003    
2980770,3003    
2980771,3003    
2980800,3003    
2980833,3003    
2980849,3003    
2980867,3003    
2980878,3003    
2980893,3003    
2980772,3003    
2980362,300BF   
2980363,300BF   
2980441,300BF   
2980364,300BF   
2980365,300BP   
2980366,300BP   
2980367,300BP   
2980368,300BP   
2980442,300BP   
2980443,300BP   
2980510,300BP   
2980369,300BP   
2980673,300C    
2980674,300C    
2980675,300C    
2980676,300C    
2980707,300C    
2980745,300C    
2980773,300C    
2980801,300C    
2980677,300C    
2980087,300H    
2980511,300JH   
2980512,300JH   
2980555,300JH   
2980556,300JH   
2980513,300JH   
2980514,300J    
2980515,300J    
2980557,300J    
2980558,300J    
2980579,300J    
2980629,300J    
2980516,300J    
2979192,3100HVI 
2979193,3100HVI 
2979194,3100HVI 
2979236,3100HVI 
2979327,3100HVI 
2979158,3100    
2979159,3100    
2979160,3100    
2979201,3100    
2979267,3110    
2979268,3110    
2979269,3110    
2979306,3110    
2981959,3115    
2981960,3115    
2981961,3115    
2979137,3120    
2979138,3120    
2979139,3120    
2979161,3120    
2979215,3125    
2979216,3125    
2979217,3125    
2979270,3125    
2979111,3130    
2979112,3130    
2979113,3130    
2979140,3130    
2979421,3150    
2979422,3150    
2979423,3150    
2979446,3150    
2979475,3150    
2979616,3170    
2979617,3170    
2979618,3170    
2979654,3170    
2979703,3170    
2979991,3200    
2979992,3200    
2979993,3200    
2980012,3200    
2979237,32013   
2979238,32013   
2979239,32013   
2979307,32013   
2979388,32013   
2979721,3201    
2979722,3201    
2979723,3201    
2979749,3201    
2979724,3201    
2979775,3201    
2979328,3202    
2979329,3202    
2979330,3202    
2979369,3202    
2979433,3202    
2979476,3203    
2979477,3203    
2979478,3203    
2979527,3203    
2979584,3203    
2980002,3204K   
2980003,3204K   
2980004,3204K   
2980024,3204K   
2980042,3204K   
2979776,3204    
2979777,3204    
2979778,3204    
2979956,3204T   
2979957,3204T   
2979958,3204T   
2979959,3204T   
2979960,3204T   
2979810,3204    
2979779,3204    
2979878,3204    
2979937,3204    
2979141,32055   
2979142,32055   
2979143,32055   
2979146,32055   
2979162,32055   
2979202,32056   
2979203,32056   
2979204,32056   
2979240,32056   
2979271,3205    
2979272,3205    
2979273,3205    
2979308,3205    
2979370,3205    
2979771,32111   
2979772,32111   
2979773,32111   
2979809,32111   
2979774,32111   
2979556,32113DP 
2979557,32113DP 
2979558,32113DP 
2979612,32113DP 
2979647,32113DP 
2979287,32113   
2979288,32113   
2979289,32113   
2979331,32113   
2979408,32113   
2979424,32113   
2980078,3211KEY 
2979689,3211    
2979690,3211    
2979691,3211    
2979736,3211    
2979692,3211    
2979761,3211    
2979788,3211    
2979619,3213HVI 
2979620,3213HVI 
2979621,3213HVI 
2979655,3213HVI 
2979622,3213HVI 
2979725,3213HVI 
2979501,3213    
2979585,3213CHVS
2979502,3213    
2979586,3213CHVS
2979763,3213P   
2979764,3213P   
2979765,3213P   
2979811,3213P   
2979839,3213P   
2979871,3213P   
2979503,3213    
2979587,3213CHVS
2979704,3213CHVS
2979559,3213    
2979648,3213CHVS
2979623,3213    
2979649,3213    
2979656,3214    
2979657,3214    
2979658,3214    
2979705,3214    
2979332,3215HVI 
2979333,3215HVI 
2979334,3215HVI 
2979389,3215HVI 
2979447,3215HVI 
2979371,3215    
2979372,3215    
2979373,3215    
2979409,3215    
2980008,3220    
2980009,3220    
2980010,3220    
2980020,3220    
2979766,3221    
2979767,3221    
2979768,3221    
2979790,3221    
2980005,3224    
2980006,3224    
2980007,3224    
2980016,3224    
2979888,3250    
2979889,3250    
2979890,3250    
2979935,3250    
2979864,3255    
2979865,3255    
2979866,3255    
2979879,3255    
2979945,3260    
2979946,3260    
2979947,3260    
2979955,3260    
2979891,3266    
2979892,3266    
2979893,3266    
2979936,3266    
2979872,3280    
2979894,3280CHVS
2979873,3280    
2979895,3280CHVS
2979874,3280    
2979896,3280CHVS
2979925,3280    
2979941,3280CHVS
2979948,3280    
2979241,3400    
2979242,3400    
2979243,3400    
2979290,3400    
2979274,3401    
2979275,3401    
2979276,3401    
2979335,3401    
2979390,3401    
2979413,3401    
2979163,3402    
2979164,3402    
2979165,3402    
2979205,3402    
2979244,3402    
2979291,3405    
2979292,3405    
2979293,3405    
2979309,3405    
2979659,3407    
2979660,3407    
2979661,3407    
2979706,3407    
2979726,3407    
2980715,340BP   
2980939,340J    
2980951,340J    
2980973,340J    
2980940,340J    
2979310,3410    
2979311,3410    
2979312,3410    
2979346,3410    
2979452,34111   
2979453,34111   
2979454,34111   
2979495,34111   
2979550,34111   
2979347,3411    
2979348,3411    
2979349,3411    
2979391,3411    
2979313,3413HVI 
2979314,3413HVI 
2979315,3413HVI 
2979336,3413HVI 
2979374,3413HVI 
2979504,3420    
2979505,3420    
2979506,3420    
2979536,3420    
2979479,3425    
2979480,3425    
2979481,3425    
2979528,3425    
2979791,3440    
2979792,3440    
2979793,3440    
2979831,3440    
2979969,34411   
2979970,34411   
2979971,34411   
2979976,34411   
2979560,3450    
2979561,3450    
2979562,3450    
2979624,3450    
2979507,3451    
2979508,3451    
2979509,3451    
2979537,3451    
2979588,3451    
2979510,3452    
2979511,3452    
2979707,3460    
2979708,3460    
2979709,3460    
2979750,3460    
2979780,3475    
2979781,3475    
2979782,3475    
2979794,3475    
2979830,3475    
2980051,3500    
2980052,3500    
2980053,3500    
2980059,3500    
2980066,3500    
2980030,3501    
2980031,3501    
2980032,3501    
2980037,3501    
2979978,3505    
2979979,3505    
2979980,3505    
2979995,3505    
2979981,3505    
2979996,3505    
2979997,3505    
2979998,3555    
2979999,3555    
2980000,3555    
2980011,3555    
2980044,3601K   
2980045,3601K   
2980046,3601K   
2980068,3601K   
2980072,3601K   
2980075,3601K   
2979676,3601    
2979677,3601    
2979678,3601    
2979751,3601    
2979812,3601    
2979840,3601    
2979482,3603    
2979483,3603    
2979484,3603    
2979529,3603    
2980850,360C    
2980851,360C    
2980868,360C    
2980879,360C    
2980852,360C    
2979717,36111   
2979718,36111   
2979719,36111   
2979760,36111   
2979693,3611    
2979694,3611    
2979695,3611    
2979762,3611    
2979813,3611    
2979487,3613    
2979488,3613    
2979489,3613    
2979563,3613    
2979857,3620    
2979858,3620    
2979859,3620    
2979868,3620    
2979860,3620    
2979897,3620    
2979564,3711    
2979565,3711    
2979566,3711    
2979578,3711    
2979567,3720    
2979568,3720    
2979569,3720    
2979613,3720    
2979679,3730DP  
2979680,3730DP  
2979681,3730DP  
2979727,3730DP  
2979710,3750    
2979711,3750    
2979712,3750    
2979737,3750    
2981354,38030   
2981355,38030   
2981455,38030MW 
2981501,38030MW 
2981542,38030MW 
2980894,38100   
2981048,38100   
2981049,38100   
2981085,38100MW 
2981104,38100MW 
2981197,38100MW 
2980944,3881    
2980945,3881    
2980953,3881    
2980963,3881    
2980976,3881    
2980994,3881    
2980946,3881    
2980954,3882    
2980955,3882    
2980956,3882    
2980977,3882    
2980980,3882    
2980995,3882    
2981007,3882    
2981012,3882    
2981020,3882    
2980957,3882    
2980624,388BF   
2980625,388BF   
2980642,388BF   
2980678,388BF   
2980679,388BF   
2980708,388BF   
2980626,388BF   
2980802,388JH   
2980803,388JH   
2980804,388JH   
2980834,388JH   
2980853,388JH   
2980854,388JH   
2980869,388JH   
2980805,388JH   
2980806,388J    
2980807,388J    
2980835,388J    
2980855,388J    
2980808,388J    
2980934,3902    
2980949,3902    
2980958,3902    
2980970,3902    
2980982,3902    
2980935,3902    
2980775,39030   
2980776,39030   
2980777,39030   
2980882,39030   
2980883,39030   
2980778,39030   
2980813,39030   
2980837,39030   
2980923,39045   
2980933,39045   
2980649,39100   
2980650,39100   
2980651,39100   
2980652,39100   
2980717,39100   
2980748,39100   
2980971,3981    
2980964,3981    
2980965,3981    
2980983,3981    
2980996,3981    
2980998,3981    
2980966,3981    
2980444,400BP   
2980517,400BP   
2980518,400BP   
2980445,400BP   
2980580,400J    
2980588,400J    
2980630,400J    
2980645,400J    
2980581,400J    
2980450,400PW   
2980451,400PW   
2980446,400PW   
2980519,400PW   
2980447,400PW   
2979576,4150B   
2982444,4150    
2979836,4150T   
2979837,4150T   
2979838,4150T   
2979887,4150T   
2979551,4300B   
2982447,4320    
2979841,4500    
2979939,4500    
2980079,4600KEY 
2982449,4600    
2980054,4600    
2982237,4840K   
2982239,4840K   
2979851,4840    
2979852,4840    
2979853,4840    
2979869,4840    
2980063,4850K   
2980064,4850K   
2980065,4850K   
2980070,4850K   
2980073,4850K   
2979854,4850    
2982445,4850    
2979855,4850    
2982446,4850RH  
2979885,4850    
2979930,4850    
2979972,4860    
2979973,4860    
2979974,4860    
2979987,4860    
2979989,4860    
2980028,4901    
2980029,4901    
2980038,4901    
2979931,4903    
2979932,4903L   
2979933,4903L   
2979934,4903L   
2982448,4921    
2979951,4921    
2979952,4921    
2979968,4921    
2980001,4921    
2980060,4940    
2980061,4940    
2980062,4940    
2980071,4940    
2980048,4950    
2979949,4950    
2980049,4950    
2980050,4950    
2980055,4950    
2979914,4952    
2979915,4952    
2979944,4952    
2979842,49600   
2979843,49600   
2979844,49600   
2979870,49600   
2979901,49600   
2979856,49610   
2980039,4982    
2980040,4982    
2980041,4982    
2980056,4984    
2980057,4984    
2980058,4984    
2980067,4984    
2977965,5000    
2977966,5000    
2977967,5000    
2977968,5000    
2980987,500RJH  
2980988,500RJH  
2980989,500RJH  
2981006,500RJH  
2981011,500RJH  
2981018,500RJH  
2980990,500RJH  
2980871,500RPW  
2980872,500RPW  
2980881,500RPW  
2980896,500RPW  
2980916,500RPW  
2980873,500RPW  
2977969,5010    
2977970,5010    
2977971,5010    
2977972,5010    
2977932,5014    
2977933,5014    
2977934,5014    
2977935,5014    
2977953,5015    
2977954,5015    
2977955,5015    
2977956,5015    
2977927,5019    
2977928,5019    
2977929,5019    
2977930,5019    
2977949,5020    
2977950,5020    
2977951,5020    
2977952,5020    
2977936,5025    
2977937,5025    
2977938,5025    
2977939,5025    
2977940,5030    
2977941,5030    
2977942,5030    
2977943,5030    
2977944,5035    
2977945,5035    
2977946,5035    
2977947,5035    
2978004,5040    
2978005,5040    
2978006,5040    
2978049,5045    
2978050,5045    
2978051,5045    
2978052,5045    
2978053,5045    
2978112,5048    
2978113,5048    
2978114,5048    
2978115,5048    
2978098,5049    
2978099,5049    
2978100,5049    
2978101,5049    
2977995,5050    
2977996,5050    
2977997,5050    
2977998,5050    
2977986,5054    
2977987,5054    
2977988,5054    
2977989,5054    
2978011,5055    
2978012,5055    
2978013,5055    
2978014,5055    
2978023,5056    
2978024,5056    
2978025,5056    
2978026,5056    
2977975,5059    
2977976,5059    
2977977,5059    
2977978,5059    
2977979,5060    
2977980,5060    
2977981,5060    
2977990,5060    
2978453,5070B   
2978456,5099B   
2978294,5099E   
2978457,5110    
2978458,5110    
2978459,5110    
2978339,5110T   
2978340,5110T   
2978341,5110T   
2978342,5110T   
2978460,5110    
2978489,5170B   
2978517,5170E   
2978343,5171BE  
2978490,5180B   
2978518,5180E   
2978344,5181BE  
2981497,5182    
2981498,5182    
2981547,5182    
2981548,5182    
2981636,5182    
2981668,5182    
2981704,5182    
2981549,5182    
2981502,5182    
2981541,5182    
2981545,5182    
2981499,5182    
2981105,5182Y   
2981106,5182Y   
2981107,5182Y   
2981146,5182Y   
2981210,5182Y   
2981108,5182Y   
2981198,518C    
2981199,518C    
2981219,518C    
2981280,518C    
2981305,518C    
2981200,518C    
2978492,5199B   
2978520,5199E   
2978347,5250    
2978348,5250    
2978349,5250    
2978350,5250    
2978545,5255    
2978493,5270B   
2978384,5270P   
2978385,5270PB  
2978494,5280B   
2978386,5280P   
2978387,5280PB  
2978388,5290P   
2978496,5299B   
2978390,5299P   
2978391,5299PB  
2978497,5300    
2978498,5300    
2978499,5300    
2978500,5300    
2978546,5307E   
2978547,5308E   
2978548,5309E   
2978549,5310E   
2978550,5311E   
2978770,5316U   
2978572,5317E   
2978771,5317U   
2978573,5318E   
2978772,5318U   
2978574,5319E   
2978575,5320E   
2978774,5320U   
2978576,5321E   
2978775,5321U   
2978710,5330    
2978711,5331    
2978712,5336    
2978713,5337    
2978714,5338    
2979455,5350    
2979456,5350    
2979457,5350    
2978676,5400    
2978677,5401    
2978678,5406    
2978679,5407    
2978680,5408    
2978603,5410    
2978604,5410    
2978605,5410    
2978606,5410    
2978643,5430    
2978644,5430    
2978645,5430    
2978646,5430    
2978868,5435    
2978869,5435    
2978870,5435    
2978871,5435    
2980718,550BP   
2980719,550BP   
2980749,550BP   
2980780,550BP   
2980720,550BP   
2980959,550C    
2980960,550C    
2980979,550C    
2980991,550C    
2980961,550C    
2980860,550J    
2980861,550J    
2980862,550J    
2980874,550J    
2980885,550J    
2980863,550J    
2981266,591SJH  
2981267,591SJH  
2981281,591SJH  
2981306,591SJH  
2981332,591SJH  
2981268,591SJH  
2981050,591SPW  
2981051,591SPW  
2981082,591SPW  
2981101,591SPW  
2981112,591SPW  
2981052,591SPW  
2981021,597JH   
2981033,597JH   
2981053,597JH   
2981086,597JH   
2981022,597JH   
2981282,598RJH  
2981283,598RJH  
2981307,598RJH  
2981336,598RJH  
2981346,598RJH  
2981284,598RJH  
2981054,598RPW  
2981055,598RPW  
2981102,598RPW  
2981147,598RPW  
2981211,598RPW  
2981056,598RPW  
2981333,598SJH  
2981334,598SJH  
2981347,598SJH  
2981349,598SJH  
2981457,598SJH  
2981335,598SJH  
2981113,598SPW  
2981114,598SPW  
2981201,598SPW  
2981220,598SPW  
2981277,598SPW  
2981115,598SPW  
2977991,60011   
2977992,60011   
2977993,60011   
2977994,60011   
2978027,6001    
2978028,6001    
2978029,6001    
2978030,6001    
2978031,6001    
2978032,6001    
2978043,6001    
2977982,60021   
2977983,60021   
2977984,60021   
2977985,60021   
2978019,6002    
2978020,6002    
2978021,6002    
2978022,6002    
2980899,6003    
2980900,6003    
2980926,6003    
2980936,6003    
2980901,6003    
2978119,6004    
2978120,6004    
2978121,6004    
2978122,6004    
2978107,6005    
2978108,6005    
2978109,6005    
2978110,6005    
2980559,600BP   
2980560,600BP   
2980582,600BP   
2980583,600BP   
2980561,600BP   
2980809,600C    
2980836,600C    
2980810,600C    
2980646,600J    
2980647,600J    
2980681,600J    
2980716,600J    
2980648,600J    
2978015,6010E   
2978016,6010E   
2978017,6010E   
2978018,6010E   
2978058,6010G   
2978059,6010G   
2978060,6010G   
2978061,6010G   
2978062,6010GY  
2978063,6010GY  
2978064,6010GY  
2978065,6010GY  
2978054,6010    
2978055,6010    
2978066,6010O   
2978067,6010O   
2978068,6010O   
2978069,6010O   
2978070,6010O   
2978071,6010P   
2978072,6010P   
2978073,6010P   
2978074,6010P   
2978056,6010    
2978075,6010W   
2978076,6010W   
2978077,6010W   
2978078,6010W   
2978057,6010    
2978093,6012    
2978094,6012    
2978095,6012    
2978096,6012    
2978097,6012    
2978044,6015    
2978045,6015    
2978046,6015    
2978047,6015    
2978048,6015    
2978083,6016B   
2978084,6016B   
2978085,6016B   
2978086,6016B   
2978087,6016B   
2978088,6016O   
2978089,6016O   
2978090,6016O   
2978091,6016O   
2978092,6016O   
2978160,6018    
2978161,6018    
2978162,6018    
2978163,6018    
2978164,6018    
2978033,6020    
2978034,6020    
2978035,6020    
2978036,6020    
2978037,6020    
2978132,6025    
2978133,6025    
2978134,6025    
2978135,6025    
2978145,6030    
2978146,6030    
2978147,6030    
2978148,6030    
2978149,6030    
2978137,6032    
2978138,6032    
2978139,6032    
2978140,6032    
2978038,6060    
2978039,6060    
2978040,6060    
2978041,6060    
2978042,6060    
2978102,6062    
2978103,6062    
2978104,6062    
2978105,6062    
2978106,6062    
2978984,6212    
2979009,6300    
2979188,6410    
2978766,6522    
2978797,6524    
2979604,6620KV  
2979605,6620KV  
2979631,6620KV  
2979683,6620KV  
2979735,6620KV  
2978985,6620    
2978986,6620    
2978987,6620    
2978988,6620    
2979034,6620    
2979074,6632    
2979075,6632    
2979083,6632    
2979084,6632    
2979101,6632    
2979189,6832    
2979190,6832    
2979211,6845    
2979212,6845    
2979213,6845    
2979174,6850    
2979175,6850    
2979198,6852    
2979199,6852    
2979303,6862    
2979304,6862    
2979305,6862    
2979245,6885    
2979246,6885    
2979247,6885    
2979248,6885    
2979249,6885    
2979442,6912    
2979443,6912    
2979444,6912    
2979445,6912    
2979580,6914    
2979581,6914    
2979582,6914    
2979583,6914    
2979458,6962    
2979459,6962    
2979460,6962    
2979461,6962    
2979632,6964    
2980917,7002    
2980918,7002    
2980931,7002    
2980902,7002    
2978007,7010BK  
2978008,7010BK  
2978009,7010BK  
2978010,7010BK  
2977999,7010    
2978000,7010    
2978001,7010    
2978002,7010    
2980919,7032    
2980920,7032    
2980921,7032    
2980932,7032    
2980941,7032    
2980942,7032    
2980922,7032    
2981023,7368CR  
2981024,7368CR  
2981045,7368CR  
2981083,7368CR  
2981025,7368CR  
2980912,800BF   
2980913,800BF   
2980914,800BF   
2980937,800BF   
2980947,800BF   
2980950,800BF   
2980915,800BF   
2980928,800BP   
2980929,800BP   
2980938,800BP   
2980948,800BP   
2980930,800BP   
2981087,800CN   
2981088,800CN   
2981109,800CN   
2981148,800CN   
2981229,800CN   
2981089,800CN   
2981001,800JH   
2981002,800JH   
2981003,800JH   
2981010,800JH   
2981017,800JH   
2981028,800JH   
2981004,800JH   
2980984,800JN   
2980985,800JN   
2980993,800JN   
2981005,800JN   
2981014,800JN   
2981019,800JN   
2980986,800JN   
2978331,8100P   
2978559,8200CD  
2978477,8300A   
2981350,8402    
2981351,8402    
2981352,8402    
2981458,8402    
2981500,8402    
2981540,8402    
2981544,8402    
2981353,8402    
2982458,8610CJ  
2982460,8612C   
2982461,8613C   
2978234,8700    
2978235,8700    
2978236,8700    
2978237,8700    
2978238,8700    
2978239,8710    
2978240,8710    
2978241,8710    
2978229,8720    
2978230,8720    
2978231,8730    
2978232,8730    
2978233,8730    
2978435,8750    
2978436,8750    
2978437,8750    
2978514,8760    
2978515,8760    
2978438,8771    
2978439,8771    
2978487,8781    
2978521,8900    
      2982003900
      2982004900
      2982005900
      2982006900
      2982007900
2978951,9018CDAY
2978577,9018CDGB
2978578,9018CDOB
2978683,9018CDPC
2978579,9018CDYB
      2982090901
      2982091901
      2982092901
      2982093901
      2982030902
      2982031902
      2982032902
      2982033902
      2982047903
      2982048903
      2982049903
      2982050903
      2982051903
      2982094904
      2982095904
      2982096904
      2982097904
      2982052905
      2982053905
      2982054905
      2982055905
      2982056905
      2982160906
      2982161906
      2982162906
      2982163906
      2982164906
      2982057907
      2982058907
      2982059907
      2982060907
      2982199908
      2982200908
      2982201908
      2982202908
      2982203908
      2982124909
      2982125909
      2982126909
      2982127909
2981967,911DP   
2981968,911DP   
2981969,911DP   
2981970,911DP   
2978671,9124K   
2978798,9124KI  
2978672,9124KP  
2979102,9128KW  
2978768,9132K   
      2982204915
      2982205915
      2982206915
      2982207915
      2982208915
      2982209915
2982079,9178NF  
2982080,9178NF  
2982437,9178NFO 
2982438,9178NFO 
2982439,9178NFO 
2982440,9178NFO 
2982441,9178NFO 
2982081,9178NF  
2982082,9178NF  
2982083,9178NF  
2982084,9178NF  
      2979383920
      2979384920
      2979385920
      2979386920
      2979387920
      2981985921
      2981986921
      2981987921
      2981988921
      2982165924
      2980076924
      2982166924
      2982167924
      2982168924
      2982169924
      2982220925
      2982221925
      2982222925
      2982223925
      2982224925
      2982128926
      2982129926
      2982130926
      2982131926
      2982132926
2981997,92720NF 
2981998,92720NF 
2981999,92720NF 
2982000,92720NF 
2982001,92720NF 
2979540,92723HV 
2979541,92723HV 
2979542,92723HV 
2979543,92723HV 
2979544,92723HV 
2979294,92723NF 
2979295,92723NF 
2979296,92723NF 
2979297,92723NF 
2979298,92723NF 
2979250,92723PU 
2979251,92723PU 
2979252,92723PU 
2979253,92723PU 
2979254,92723PU 
2979255,92723PU 
2979434,92728PU 
2979435,92728PU 
2979436,92728PU 
2979437,92728PU 
2981962,92733PU 
2981963,92733PU 
2981964,92733PU 
2981965,92733PU 
2981966,92733PU 
2981975,92743BP 
2981976,92743BP 
2981977,92743BP 
2981978,92743BP 
2981979,92743BP 
2981980,92743PU 
2981981,92743PU 
2981982,92743PU 
2981983,92743PU 
2981984,92743PU 
2982384,9318D10 
2982385,9318D10T
2982381,9318D7  
2982376,9318K7  
2980352,9345D   
2980353,9345D   
2980354,9345D   
2980440,9345D   
2980355,9345D   
2980292,9346D   
2980293,9346D   
2980294,9346D   
2980295,9346D   
2980208,9348D   
2980209,9348D   
2980210,9348D   
2980296,9348D   
2980211,9348D   
2980212,9349D   
2980213,9349D   
2980214,9349D   
2980356,9349D   
2980215,9349D   
2980357,9350    
2980358,9350    
2980359,9350    
2980501,9350    
2980360,9350    
2980216,9356    
2980217,9356    
2980218,9356    
2980219,9356    
2980220,9356    
2982008,935CH   
2982009,935CH   
2982010,935CH   
2982011,935CH   
2982012,935CH   
2979011,9361    
2979012,9361    
2978990,9362    
2978991,9362    
2978992,9362    
2979005,9362    
2979076,9362    
2979035,9363    
2978965,9363    
2979085,9363L   
2979036,9363    
2979037,9363    
2978966,9363    
2979086,9363    
2979114,9363    
2979013,9363    
2979038,9363    
2978967,9363    
2979350,9365    
2979351,9365    
2979352,9365    
2979438,9365    
2979634,9366BK  
2979635,9366BK  
2979636,9366BK  
2979698,9366BK  
2979637,9366BK  
2979375,9366    
2979256,9366    
2979376,9366    
2979377,9366    
2979257,9366    
2979425,9366    
2979378,9366    
2979426,9367    
2979427,9367    
2979058,9368    
2979059,9368    
2979060,9368    
2979195,9369    
2979196,9369    
2979197,9369    
2979299,9369    
2979589,9370BK  
2979590,9370BK  
2979591,9370BK  
2979713,9370BK  
2979428,9370H   
2979429,9370H   
2979430,9370H   
2982348,9371TE  
2982349,9372E   
2979166,9373    
2979167,9373    
2979168,9373    
2979258,9373    
2979728,9375    
2979729,9375    
2979730,9375    
2979832,9375    
2979738,9376    
2979739,9376    
2979740,9376    
2979861,9376    
2979741,9376    
2982364,9378BE  
2982366,9378TE  
2982367,9378TE  
2982101,9379ARC 
2982102,9379ARC 
2982103,9379ARC 
2982104,9379ARC 
2982105,9379ARC 
2979628,9380    
2979629,9380    
2979630,9380    
2979682,9380    
2980502,9381    
2980503,9381    
2980504,9381    
2980505,9381    
2980506,9381    
2980507,9381    
2980548,9381    
2980549,9381    
2980508,9381    
2980509,9381    
2980550,9382    
2980551,9382    
2980552,9382    
2980553,9382    
2980554,9382    
2979077,9383    
2979078,9383    
2979176,93840   
2979177,93840   
2979178,93840   
2979179,93840   
2979180,93840   
2979206,93842   
2979207,93842   
2979208,93842   
2979259,93842   
2979209,93842   
2979218,93847   
2979219,93847   
2979220,93847   
2979221,93847   
2979222,93847   
2979396,93857   
2979397,93857   
2979398,93857   
2979410,93859   
2979411,93859   
2979414,93859   
2979149,93860   
2979150,93860   
2979151,93860   
2979152,93860   
2979153,93860   
2979223,93860   
2979592,93861   
2979593,93861   
2979594,93861   
2979595,93861   
2979596,93861   
2979224,93867   
2979225,93867   
2979226,93867   
2979227,93867   
2979228,93867   
2979260,93867   
2979277,93868   
2979278,93868   
2979279,93868   
2979280,93868   
2979281,93868   
2979300,93868   
2979814,93891PU 
2979815,93891PU 
2979816,93891PU 
2979817,93891PU 
2979818,93891PU 
2982106,9389    
2982107,9389    
2979916,9389PV  
2979917,9389PV  
2979918,9389PV  
2979919,9389PV  
2982108,9389    
2982109,9389    
2982142,9389    
2979356,9390    
2978739,9390    
2978828,9390D   
2979357,9390    
2978740,9390    
2978829,9390D   
2979087,9392    
2979088,9392    
2979169,9393    
2979170,9393    
2979171,9393    
2979261,9393    
2978879,9394    
2978880,9394    
2978881,9394    
2978968,9394    
2978882,9394    
2979089,9395    
2979103,9396    
2979105,9396    
2978830,9397    
2978831,9397    
2978832,9397    
2980098,9399    
2980099,9399    
2981989,940HV   
2981990,940HV   
2981991,940HV   
2981992,940HV   
2981993,940HV   
      2981971940
      2981972940
      2981973940
      2981994940
      2981995940
2978736,9430K   
2979056,9430K   
2978849,9433    
2978799,9433    
2978850,9433    
2979147,9435KM  
2979148,9435KM  
2979538,9436K   
2979539,9436KM  
      2982020943
      2982021943
      2982022943
      2982023943
      2982024943
2979697,9440    
2979953,9441L   
2979954,9441    
2979967,9441    
2979977,9441    
      2982174944
      2982175944
      2982176944
      2982177944
      2982178944
2978217,9500    
2978185,9500    
2978186,9500L   
2978187,9500    
2978219,9500    
2978188,9500    
2978189,9500    
2978242,9500    
2978190,9500    
2978191,9501L   
2978192,9501    
2978193,9501    
2978194,9501    
2978243,9506    
2978411,9506    
2979181,9506L   
2978245,9506    
2978412,9506    
2978299,9506    
2978246,9506    
2978247,9506    
2978413,9506    
2978300,9506    
2978181,9507    
2978301,9507L   
2978182,9507    
2978250,9507    
2978183,9507    
2978251,9507    
2978252,9507    
2978302,9508L   
2978303,9508    
2978304,9508    
2978195,9509L   
2978196,9509    
2978277,9510L   
2978278,9510    
2978279,9510    
2978197,9512G   
2978198,9512G   
2978199,9512G   
2978280,9512G   
2978351,9514GH  
2978367,9514GH  
2978368,9514GH  
2978332,9514G   
2978333,9514G   
2978334,9514G   
2978220,9600    
2978221,9600    
2978222,9600    
2978200,9610    
2978202,9610    
2978203,9610    
2978281,9612P   
2978282,9612P   
2978283,9612P   
2978284,9613L   
2978285,9613    
2978428,9614PH  
2978429,9614PH  
2978430,9614PH  
2978369,9614P   
2978370,9614P   
2978371,9614P   
2978415,9615    
2978416,9615    
2978417,9615    
2978286,9616L   
2978287,9616    
2978288,9616    
2978289,9616    
2978481,9630L   
2978482,9630    
2978483,9630    
2978431,9633L   
2978432,9633    
2978433,9633    
2978434,9633    
2978175,9634    
2978176,9634    
2978177,9634    
2978205,9635    
2978206,9635    
2978207,9635    
2978223,9636    
2978208,9636L   
2978209,9636    
2978225,9636    
2978210,9636    
2978178,9637    
2978184,9637    
2978211,9637L   
2978180,9637    
2978165,9637    
2978212,9637    
2978213,9637    
2978226,9638    
2978166,9638L   
2978167,9638    
2978228,9638    
2978168,9638    
2978169,9638    
2978170,9639L   
2978171,9639    
2978172,9642    
2978173,9642    
2978215,9642    
2978174,9642    
2978216,9642    
2978254,9643    
2978255,9643    
2978256,9650    
2978257,9650L   
2978305,9650L   
2978306,9650    
2978259,9650    
2978307,9650    
2978260,9650    
2978261,9650    
2978308,9650    
2978309,9650    
2978262,9650    
2978263,9657    
2978264,9657L   
2978265,9657    
2978266,9657    
2978267,9658    
2978268,9658    
2978269,9658    
2978270,9658    
2978271,9658    
2978272,9658    
2978352,96591P  
2978353,96591P  
2978461,96592P  
2978310,9660    
2978311,9660L   
2978354,9660L   
2978312,9660    
2978314,9660    
2978315,9660    
2978356,9660    
2978357,9660    
2978316,9660    
2978554,9662    
2978317,9662L   
2978555,9662    
2978318,9662    
2978556,9663    
2978557,9663    
2978392,96655   
2978393,96655   
2978394,96655   
2978395,96655   
2978396,96655   
2978397,96655   
2978502,9665    
2978503,9665    
2978504,9665    
2978505,9665    
2978506,9665    
2978507,9665    
2978522,9666    
2978523,9666    
2978524,9666    
2978525,9666    
2978526,9666    
2978527,9666    
2978358,9667    
2978319,9667L   
2978359,9667    
2978320,9667    
2978321,9668    
2978322,9668    
2978323,9668    
2978324,9668    
2978398,96699   
2978399,96699   
2978400,96699   
2978401,96699   
2978402,96699   
2978403,96699   
2978528,9669    
2978529,9669    
2978530,9669    
2979014,9669TP  
2979015,9669TP  
2979016,9669TR  
2979017,9669TR  
2979018,9669TR  
2979019,9669TR  
2978531,9669    
2978532,9669    
2978533,9669    
2978582,9670    
2978360,9670L   
2978584,9670    
2978361,9670    
2979845,96720NF 
2979846,96720NF 
2979847,96720NF 
2979848,96720NF 
2979849,96720NF 
2979850,96720NF 
2979742,9672APG 
2979743,9672APG 
2979744,9672APG 
2979745,9672APG 
2979746,9672APG 
2979747,9672APG 
2979431,9672CP  
2982025,9672DT2 
2982026,9672DT2 
2982027,9672DT2 
2982028,9672DT2 
2982029,9672DT2 
2982143,9672DT5 
2982144,9672DT5 
2982145,9672DT5P
2982146,9672DT5P
2982147,9672DT5P
2982148,9672DT5P
2982149,9672DT5P
2982150,9672DT5 
2982151,9672DT5 
2982152,9672DT5 
2982153,9672DT5 
2982042,9672DT  
2982043,9672DT  
2982044,9672DT  
2982045,9672DT  
2982046,9672DT  
2979822,9672F   
2979823,9672F   
2979824,9672F   
2979825,9672F   
2979826,9672F   
2982061,9672HVG 
2982062,9672HVG 
2982063,9672HVG 
2982064,9672HVG 
2982065,9672HVG 
2982066,9672HVG 
2982067,9672HVO 
2982068,9672HVO 
2982069,9672HVO 
2982070,9672HVO 
2982071,9672HVO 
2982072,9672HVO 
2979795,9672    
2979796,9672    
2979880,9672RE  
2979881,9672RE  
2979882,9672RE  
2979883,9672RE  
2979797,9672    
2979798,9672    
2979799,9672    
2979800,9672    
2978833,96731G  
2978834,96731G  
2978835,96731G  
2978836,96731G  
2978741,96731HV 
2978742,96731HV 
2978743,96731HV 
2978744,96731HV 
2978745,96731   
2978746,96731   
2978747,96731   
2978748,96731   
2978851,96735   
2978852,96735   
2978853,96735   
2978854,96735   
2978855,96735   
2978689,9673GW  
2978690,9673GW  
2978691,9673GW  
2978692,9673GW  
2978693,9673GW  
2978694,9673GW  
2978716,9673    
2978717,9673    
2978718,9673    
2978749,9673    
2978750,9673    
2978751,9673    
2978752,9673    
2978753,9673    
2978754,9673    
2978755,9673    
2978756,9673    
2978757,9673    
2978758,9673    
2978719,9673    
2978720,9673    
2978930,9674    
2978931,9674    
2978932,9674    
2978933,9674    
2978934,9674    
2978508,9675    
2978404,9675L   
2978509,9675    
2978405,9675    
2978510,9675    
2978406,9675    
2978511,9675    
2978407,9675    
2979961,96763APG
2979962,96763APG
2979963,96763APG
2979964,96763APG
2979965,96763APG
2979902,9676    
2978408,9676L   
2978409,9676    
2979904,9676    
2979905,9676    
2978410,9676    
2979906,9676    
2979907,9676    
2979908,9677    
2978295,9677L   
2978296,9677    
2979910,9677    
2979911,9677    
2978297,9677    
2979912,9677    
2978803,96781   
2978804,96781   
2978805,96781   
2978806,96781   
2978807,96781   
2978808,96781   
2978607,9679    
2978325,9679L   
2978326,9679    
2978609,9679    
2978610,9679    
2978837,9680    
2978838,9680    
2978839,9680    
2978840,9680    
2978462,9681    
2978463,9681    
2978464,9682    
2978465,9682    
2979684,9683C   
2979685,9683C   
2979686,9683C   
2979687,9683C   
2979688,9683C   
2978695,9683    
2978696,9683    
2978697,9683    
2978698,9683    
2978699,9683    
2978650,9684    
2978651,9684    
2978652,9684    
2978653,9684    
2979496,9685    
2979497,9685    
2979498,9685    
2980021,9686    
2980022,9686    
2980023,9686    
2980033,9686    
2980047,9686    
2979512,96871   
2979513,96871   
2979514,96871   
2979515,96871   
2979752,9687    
2979753,9687    
2979754,9687    
2979786,9687    
2979801,9687    
2978619,96883   
2978620,96883   
2978621,96883   
2978622,96883   
2978654,9688    
2978655,9688    
2978656,9688    
2978993,9688V   
2978994,9688V   
2978995,9688V   
2978996,9688V   
2978657,9688    
      2982170968
      2982171968
      2982172968
      2982173968
2979107,9690    
2979108,9690    
2979109,9690    
2979110,9690    
2979127,9690Y   
2979128,9690Y   
2979129,9690Y   
2979130,9690Y   
2979399,9693    
2979400,9693    
2979401,9693    
2979402,9693    
2979403,9693    
2979404,9693    
2978776,9694    
2978777,9694    
2978778,9694    
2978779,9694    
2978780,9694    
2978623,9695    
2978624,9695    
2978625,9695    
2978626,9695    
2978627,9695    
2978628,9695    
2978658,9696    
2978659,9696    
2978660,9696    
2978661,9696    
2978662,9696    
2978663,9696    
2978781,9698    
2978782,9698    
2978783,9698    
2978784,9698    
2978856,9699    
2978857,9699    
2978858,9699    
2978859,9699    
2978860,9699    
2978861,9699    
2978883,9700    
2978884,9700    
2978885,9700    
2978886,9700    
2978887,9710    
2978888,9710    
2978889,9710    
2978890,9720    
2978891,9720    
2978892,9720    
2978893,9725    
2978894,9725    
2978895,9725    
2978896,9730    
2978897,9730    
2978898,9735    
2978899,9735    
2978900,9735    
2979392,9740    
2979393,9740    
2979394,9740    
2979395,9740    
2979783,9745    
2979784,9745    
2979785,9745    
2978901,9750    
      2982133975
      2982134975
      2982135975
      2982136975
2978969,9760    
2978970,9760    
2978971,9760    
2979116,9761R   
2979117,9761R   
2979118,9761R   
2978785,9780    
2978786,9780    
2978787,9780    
2978788,9780    
2978809,9781    
2978810,9781    
2978811,9781    
2978812,9781    
2979545,9782    
2979546,9782    
2979547,9782    
2979548,9782    
2980034,9784IKO 
2980035,9784IKO 
2980036,9784IKO 
2979625,9784    
2979626,9784    
2979627,9784    
2978972,9785    
2978973,9785    
2978974,9785    
2978975,9785    
2978997,9786    
2978998,9786    
2978999,9786    
2979000,9786    
2978813,9790    
2978814,9790    
2978815,9790    
2978816,9790    
2978817,9790    
2979579,9792    
2979662,9794    
2978759,97950   
2978789,97960   
2978818,97961   
2978841,97962   
2978629,97980   
2978630,97980   
2978631,97980   
2978632,97980   
2978700,97981   
2978701,97981   
2978702,97981   
2978703,97981   
2978512,9800    
2978513,9800    
2978484,9810    
2978485,9810    
2978486,9810    
2978664,9811    
2978665,9811    
2978612,9850    
2978613,9850    
2978586,9870    
2978587,9870    
2978588,9870    
2978540,9875    
2978541,9875    
2978542,9875    
2978560,9880    
2978561,9880    
2978562,9880    
2978563,9880    
2978564,9885    
2978565,9885    
2978924,9890    
2978925,9890    
2978926,9890    
2978875,9891    
2978876,9891    
2978877,9891    
2978927,9892    
2978928,9892    
2978929,9892    
2978949,9894    
      2982013990
      2982014990
      2982015990
      2982016990
      2982017990
      2982018990
      2982073995
      2982074995
      2982075995
      2982076995
      2982077995
      2982078995
2979597,AS9674  
2979598,AS9674  
2979599,AS9674  
2979600,AS9674  
2982265,B100    
2982266,B100    
2982267,B100    
2982268,B100    
2981818,B3N     
2981819,B3N     
2981820,B3N     
2981821,B3N     
2981822,B3N     
2981823,B3N     
2981842,B3N     
2981843,B3N     
2981844,B3N     
2981845,B3N     
2981846,B3N     
2981847,B3N     
2981824,B3N     
2981825,B3N     
2981278,BBC     
2981295,BBCL3L  
2981316,BBCL3L  
2981337,BBCL3L  
2981279,BBCL3L  
2982338,BBS160  
2982339,BBS160  
2982340,BBS160  
2982341,BBS160  
2982332,BGP16010
2982333,BGP16011
2982334,BGP16012
2982335,BGP160  
2982336,BGP160  
2982337,BGP160  
2981292,BJ38BP  
2981293,BJ38BP  
2981319,BJ38BP  
2981338,BJ38BP  
2981348,BJ38BP  
2981456,BJ38BP  
2981294,BJ38BP  
2981739,BJ38JH  
2981740,BJ38JH  
2981777,BJ38JH  
2981792,BJ38JH  
2981793,BJ38JH  
2981804,BJ38JH  
2981741,BJ38JH  
2981090,BMRCL3L 
2980972,BMRCL3LP
2981000,BMRCL3LP
2981013,BMRCL3LP
2981015,BMRCL3LP
2980997,BMRCL3LP
2981110,BMRCL3L 
2981202,BMRCL3L 
2981269,BMRCL3L 
2981091,BMRCL3L 
2981285,BP2C    
2981286,BP2CL3O 
2981287,BP2CL3O 
2981288,BP2CL3O 
2981289,BP2CL3O 
2981290,BP2CL3O 
2981291,BP2CL3O 
2981856,BP3G    
2981857,BP3G    
2981858,BP3G    
2981859,BP3G    
2981860,BP3G    
2981861,BP3G    
2981906,BP3G    
2981907,BP3G    
2981908,BP3G    
2981909,BP3G    
2981910,BP3G    
2981911,BP3G    
2981862,BP3G    
2981863,BP3G    
2981864,BP3N    
2981865,BP3N    
2981866,BP3N    
2981867,BP3N    
2981868,BP3N    
2981869,BP3N    
2981912,BP3N    
2981913,BP3N    
2981914,BP3N    
2981915,BP3N    
2981916,BP3N    
2981917,BP3N    
2981870,BP3N    
2981871,BP3N    
2981872,BP4T    
2981873,BP4T    
2981874,BP4T    
2981875,BP4T    
2981876,BP4T    
2981877,BP4T    
2981924,BP4T    
2981925,BP4T    
2981926,BP4T    
2981927,BP4T    
2981928,BP4T    
2981929,BP4T    
2981878,BP4T    
2981879,BP4T    
2981892,BP5B    
2981893,BP5B    
2981894,BP5B    
2981895,BP5B    
2981896,BP5B    
2981897,BP5B    
2981918,BP5B    
2981919,BP5B    
2981920,BP5B    
2981921,BP5B    
2981922,BP5B    
2981923,BP5B    
2981898,BP5B    
2981899,BP5B    
2981538,BPC     
2981543,BPCL3L  
2981546,BPCL3L  
2981635,BPCL3L  
2981539,BPCL3L  
2981340,BRC     
2981341,BRCL3L  
2981342,BRCL3L  
2981343,BRCL3L  
2981344,BRCL3L  
2981345,BRCL3L  
2981008,BWC     
2981016,BWCL2L  
2981026,BWCL2L  
2981046,BWCL2L  
2981009,BWCL2L  
2982244,BYR100  
2982245,BYR100  
2982246,BYR100  
2982247,BYR100  
2982248,BYR100  
2982249,BYR100  
2982250,BYR100  
2982253,BYR100  
2982251,BYR100  
2982254,BYR100  
2982255,BYR100  
2982256,BYR100  
2982252,BYR100  
2981356,CC1B34  
2981357,CC1B36  
2981358,CC1B    
2981359,CC1B38  
2981360,CC1B    
2981361,CC1B40  
2981362,CC1B    
2981363,CC1B42  
2981364,CC1B    
2981365,CC1B44  
2981366,CC1B    
2981367,CC1B46  
2981368,CC1B    
2981369,CC1B48  
2981370,CC1B    
2981371,CC1B50  
2981372,CC1B    
2981467,CC1B52  
2981468,CC1B    
2981469,CC1B54  
2981470,CC1B    
2981471,CC1B56  
2981472,CC1B    
2981503,CC1B58  
2981504,CC1B    
2981505,CC1B60  
2981506,CC1B    
2981507,CC1B    
2981508,CC1B    
2981509,CC1B    
2981373,CC1G34  
2981374,CC1G36  
2981375,CC1G    
2981376,CC1G38  
2981377,CC1G    
2981378,CC1G40  
2981379,CC1G    
2981380,CC1G42  
2981381,CC1G    
2981382,CC1G44  
2981383,CC1G    
2981384,CC1G46  
2981385,CC1G    
2981386,CC1G48  
2981387,CC1G    
2981388,CC1G50  
2981389,CC1G    
2981473,CC1G52  
2981474,CC1G    
2981475,CC1G54  
2981476,CC1G    
2981477,CC1G56  
2981478,CC1G    
2981510,CC1G58  
2981511,CC1G    
2981512,CC1G60  
2981513,CC1G    
2981514,CC1G    
2981515,CC1G    
2981516,CC1G    
2981390,CC1N34  
2981391,CC1N36  
2981392,CC1N    
2981393,CC1N38  
2981394,CC1N    
2981395,CC1N40  
2981396,CC1N    
2981397,CC1N42  
2981398,CC1N    
2981399,CC1N44  
2981400,CC1N    
2981401,CC1N46  
2981402,CC1N    
2981403,CC1N48  
2981404,CC1N    
2981405,CC1N50  
2981406,CC1N    
2981479,CC1N52  
2981480,CC1N    
2981481,CC1N54  
2981482,CC1N    
2981483,CC1N56  
2981484,CC1N    
2981517,CC1N58  
2981518,CC1N    
2981519,CC1N60  
2981520,CC1N    
2981521,CC1N    
2981522,CC1N    
2981523,CC1N    
2981407,CC1R34  
2981408,CC1R36  
2981409,CC1R    
2981410,CC1R38  
2981411,CC1R    
2981412,CC1R40  
2981413,CC1R    
2981414,CC1R42  
2981415,CC1R    
2981416,CC1R44  
2981417,CC1R    
2981418,CC1R46  
2981419,CC1R    
2981420,CC1R48  
2981421,CC1R    
2981422,CC1R50  
2981423,CC1R    
2981485,CC1R52  
2981486,CC1R    
2981487,CC1R54  
2981488,CC1R    
2981489,CC1R56  
2981490,CC1R    
2981524,CC1R58  
2981525,CC1R    
2981526,CC1R60  
2981527,CC1R    
2981528,CC1R    
2981529,CC1R    
2981530,CC1R    
2981424,CC1T34  
2981425,CC1T36  
2981426,CC1T    
2981427,CC1T38  
2981428,CC1T    
2981429,CC1T40  
2981430,CC1T    
2981431,CC1T42  
2981432,CC1T    
2981433,CC1T44  
2981434,CC1T    
2981435,CC1T46  
2981436,CC1T    
2981437,CC1T48  
2981438,CC1T    
2981439,CC1T50  
2981440,CC1T    
2981491,CC1T52  
2981492,CC1T    
2981493,CC1T54  
2981494,CC1T    
2981495,CC1T56  
2981496,CC1T    
2981531,CC1T58  
2981532,CC1T    
2981533,CC1T60  
2981534,CC1T    
2981535,CC1T    
2981536,CC1T    
2981537,CC1T    
2981230,CC2N34  
2981231,CC2N36  
2981232,CC2N    
2981233,CC2N38  
2981234,CC2N    
2981235,CC2N40  
2981236,CC2N    
2981237,CC2N42  
2981238,CC2N    
2981239,CC2N44  
2981240,CC2N    
2981241,CC2N46  
2981242,CC2N46  
2981243,CC2N    
2981244,CC2N48  
2981245,CC2N    
2981246,CC2N50  
2981247,CC2N    
2981320,CC2N52  
2981321,CC2N    
2981322,CC2N54  
2981323,CC2N    
2981324,CC2N56  
2981325,CC2N    
2981441,CC2N58  
2981442,CC2N    
2981443,CC2N60  
2981444,CC2N    
2981445,CC2N    
2981446,CC2N    
2981447,CC2N    
2981248,CC2T34  
2981249,CC2T36  
2981250,CC2T    
2981251,CC2T38  
2981252,CC2T    
2981253,CC2T40  
2981254,CC2T    
2981255,CC2T42  
2981256,CC2T    
2981257,CC2T44  
2981258,CC2T    
2981259,CC2T46  
2981260,CC2T    
2981261,CC2T48  
2981262,CC2T    
2981263,CC2T50  
2981264,CC2T    
2981326,CC2T52  
2981327,CC2T    
2981328,CC2T54  
2981329,CC2T    
2981330,CC2T56  
2981331,CC2T    
2981448,CC2T58  
2981449,CC2T    
2981450,CC2T60  
2981451,CC2T    
2981452,CC2T    
2981453,CC2T    
2981454,CC2T    
2982406,CHEV2O  
2980452,CL2LC   
2980453,CL2LC   
2980454,CL2LC   
2980455,CL2LC   
2980456,CL2LC   
2980457,CL2LC   
2980372,CL2     
2980373,CL2     
2980374,CL2ML2  
2980375,CL2ML2  
2980376,CL2ML2  
2980377,CL2ML2  
2980245,CL2     
2980246,CL2     
2980683,CL2     
2980684,CL2     
2980685,CL2MLPFR
2980686,CL2MLPFR
2980687,CL2MLPFR
2980688,CL2MLPFR
2980590,CL2     
2980591,CL2     
2980592,CL2MLP  
2980593,CL2MLP  
2980594,CL2MLP  
2980595,CL2MLP  
2980247,CL2ML   
2980248,CL2ML   
2980249,CL2ML   
2980250,CL2ML   
2980378,CL2     
2980379,CL2     
2980380,CL2MO2  
2980381,CL2MO2  
2980382,CL2MO2  
2980383,CL2MO2  
2980384,CL2     
2980689,CL2     
2980690,CL2     
2980691,CL2MOPFR
2980692,CL2MOPFR
2980693,CL2MOPFR
2980694,CL2MOPFR
2980596,CL2     
2980597,CL2     
2980598,CL2MOP  
2980599,CL2MOP  
2980631,CL2MOP  
2980600,CL2MOP  
2980781,CL2     
2980782,CL2     
2980783,CL2MOV  
2980814,CL2MOV  
2980838,CL2MOV  
2980784,CL2MOV  
2980385,CL2MO   
2980386,CL2MO   
2980387,CL2MO   
2980388,CL2MO   
2980520,CL2OC   
2980521,CL2OC   
2980563,CL2OC   
2980564,CL2OC   
2980522,CL2OC   
2980565,CL3     
2980566,CL3ML   
2980601,CL3ML   
2980602,CL3ML   
2980567,CL3ML   
2980886,CL3     
2980887,CL3     
2980897,CL3     
2980925,CL3     
2980888,CL3     
2982283,CP14    
2982284,CP14    
2982298,CP14R   
2982299,CP14R   
2982305,CP14R   
2982300,CP14R   
2982285,CP14    
2982286,CP14    
2982328,CP25    
2982329,CP25    
2982330,CP25    
2982331,CP25    
2978111,CT365PHE
2981550,DC1B34  
2981551,DC1B36  
2981552,DC1B    
2981553,DC1B38  
2981554,DC1B    
2981555,DC1B40  
2981556,DC1B    
2981557,DC1B42  
2981558,DC1B    
2981559,DC1B44  
2981560,DC1B    
2981561,DC1B46  
2981562,DC1B    
2981563,DC1B48  
2981564,DC1B    
2981565,DC1B50  
2981566,DC1B    
2981637,DC1B52  
2981638,DC1B52  
2981639,DC1B    
2981640,DC1B54  
2981641,DC1B    
2981642,DC1B56  
2981643,DC1B    
2981669,DC1B58  
2981670,DC1B    
2981671,DC1B60  
2981672,DC1B    
2981673,DC1B    
2981674,DC1B    
2981675,DC1B    
2981567,DC1G34  
2981568,DC1G36  
2981569,DC1G    
2981570,DC1G38  
2981571,DC1G    
2981572,DC1G40  
2981573,DC1G    
2981574,DC1G42  
2981575,DC1G    
2981576,DC1G44  
2981577,DC1G    
2981578,DC1G46  
2981579,DC1G    
2981580,DC1G48  
2981581,DC1G    
2981582,DC1G50  
2981583,DC1G    
2981644,DC1G52  
2981645,DC1G    
2981646,DC1G54  
2981647,DC1G    
2981648,DC1G56  
2981649,DC1G    
2981676,DC1G58  
2981677,DC1G    
2981678,DC1G60  
2981679,DC1G    
2981680,DC1G    
2981681,DC1G    
2981682,DC1G    
2981584,DC1N34  
2981585,DC1N36  
2981586,DC1N    
2981587,DC1N38  
2981588,DC1N    
2981589,DC1N40  
2981590,DC1N    
2981591,DC1N42  
2981592,DC1N    
2981593,DC1N44  
2981594,DC1N    
2981595,DC1N46  
2981596,DC1N    
2981597,DC1N48  
2981598,DC1N    
2981599,DC1N50  
2981600,DC1N    
2981650,DC1N52  
2981651,DC1N    
2981652,DC1N54  
2981653,DC1N    
2981654,DC1N56  
2981655,DC1N    
2981683,DC1N58  
2981684,DC1N    
2981685,DC1N60  
2981686,DC1N    
2981687,DC1N    
2981688,DC1N    
2981689,DC1N    
2981601,DC1R34  
2981602,DC1R36  
2981603,DC1R    
2981604,DC1R38  
2981605,DC1R    
2981606,DC1R40  
2981607,DC1R    
2981608,DC1R42  
2981609,DC1R    
2981610,DC1R44  
2981611,DC1R    
2981612,DC1R46  
2981613,DC1R    
2981614,DC1R48  
2981615,DC1R    
2981616,DC1R50  
2981617,DC1R    
2981656,DC1R52  
2981657,DC1R    
2981658,DC1R54  
2981659,DC1R    
2981660,DC1R56  
2981661,DC1R    
2981690,DC1R58  
2981691,DC1R    
2981692,DC1R60  
2981693,DC1R    
2981694,DC1R    
2981695,DC1R    
2981696,DC1R    
2981705,DC1R    
2981706,DC1R    
2981707,DC1RG   
2981708,DC1R    
2981709,DC1RG   
2981710,DC1R    
2981711,DC1RG   
2981712,DC1R    
2981713,DC1RG   
2981714,DC1R    
2981715,DC1RG   
2981716,DC1R    
2981717,DC1RG   
2981718,DC1R    
2981719,DC1RG   
2981720,DC1R    
2981721,DC1RG   
2981742,DC1R    
2981743,DC1RG   
2981744,DC1R    
2981745,DC1RG   
2981746,DC1R    
2981747,DC1RG   
2981778,DC1R    
2981779,DC1RG   
2981780,DC1R    
2981781,DC1RG   
2981782,DC1RG   
2981783,DC1RG   
2981784,DC1RG   
2981722,DC1R    
2981723,DC1R    
2981724,DC1RR   
2981725,DC1R    
2981726,DC1RR   
2981727,DC1R    
2981728,DC1RR   
2981729,DC1R    
2981730,DC1RR   
2981731,DC1R    
2981732,DC1RR   
2981733,DC1R    
2981734,DC1RR   
2981735,DC1R    
2981736,DC1RR   
2981737,DC1R    
2981738,DC1RR   
2981748,DC1R    
2981749,DC1RR   
2981750,DC1R    
2981751,DC1RR   
2981752,DC1R    
2981753,DC1RR   
2981785,DC1R    
2981786,DC1RR   
2981787,DC1R    
2981788,DC1RR   
2981789,DC1RR   
2981790,DC1RR   
2981791,DC1RR   
2981618,DC1T34  
2981619,DC1T36  
2981620,DC1T    
2981621,DC1T38  
2981622,DC1T    
2981623,DC1T40  
2981624,DC1T    
2981625,DC1T42  
2981626,DC1T    
2981627,DC1T44  
2981628,DC1T    
2981629,DC1T46  
2981630,DC1T    
2981631,DC1T48  
2981632,DC1T    
2981633,DC1T50  
2981634,DC1T    
2981662,DC1T52  
2981663,DC1T    
2981664,DC1T54  
2981665,DC1T    
2981666,DC1T56  
2981667,DC1T    
2981697,DC1T58  
2981698,DC1T    
2981699,DC1T60  
2981700,DC1T    
2981701,DC1T    
2981702,DC1T    
2981703,DC1T    
2981930,DC3N    
2981931,DC3N    
2981932,DC3N    
2981933,DC3N    
2981934,DC3N    
2981935,DC3N    
2981946,DC3N    
2981947,DC3N    
2981948,DC3N    
2981949,DC3N    
2981950,DC3N    
2981951,DC3N    
2981936,DC3N    
2981937,DC3N    
2981754,DC4B34  
2981755,DC4B36  
2981756,DC4B    
2981757,DC4B38  
2981758,DC4B    
2981759,DC4B40  
2981760,DC4B    
2981761,DC4B42  
2981762,DC4B    
2981763,DC4B44  
2981764,DC4B    
2981765,DC4B46  
2981766,DC4B    
2981767,DC4B48  
2981768,DC4B    
2981769,DC4B50  
2981770,DC4B    
2981771,DC4B52  
2981772,DC4B    
2981773,DC4B54  
2981774,DC4B    
2981775,DC4B56  
2981776,DC4B    
2981805,DC4B58  
2981806,DC4B    
2981807,DC4B60  
2981808,DC4B    
2981809,DC4B    
2981810,DC4B    
2981811,DC4B    
2981938,DC5B    
2981939,DC5B    
2981940,DC5B    
2981941,DC5B    
2981942,DC5B    
2981943,DC5B    
2981952,DC5B    
2981953,DC5B    
2981954,DC5B    
2981955,DC5B    
2981956,DC5B    
2981957,DC5B    
2981944,DC5B    
2981945,DC5B    
2982179,DN100   
2982180,DN100   
2982181,DN100   
2982426,F20110  
2982427,F20111  
2982428,F2017   
2982429,F2018   
2982430,F2019   
2982419,F21510  
2982420,F21511  
2982421,F2157   
2982422,F2158   
2982423,F2159   
2982431,F25210  
2982432,F25211  
2982433,F2527   
2982434,F2528   
2982435,F2529   
2982414,F30010  
2982415,F30011  
2982416,F3007   
2982417,F3008   
2982418,F3009   
2982409,F35010  
2982410,F35011  
2982411,F3507   
2982412,F3508   
2982413,F3509   
2979001,FG305   
2979002,FG305   
2979003,FG305   
2979004,FG305   
2980575,FR2003  
2980576,FR2003  
2980577,FR2003  
2980627,FR2003  
2980643,FR2003  
2980644,FR2003  
2980680,FR2003  
2980709,FR2003  
2980578,FR2003  
2980289,FR200C  
2980290,FR200C  
2980349,FR200C  
2980350,FR200C  
2980351,FR200C  
2980439,FR200C  
2980291,FR200C  
2980826,FR2603  
2980827,FR2603  
2980828,FR2603  
2980846,FR2603  
2980866,FR2603  
2980877,FR2603  
2980892,FR2603  
2980898,FR2603  
2980829,FR2603  
2980710,FR267C  
2980711,FR267C  
2980856,FR267CR 
2980857,FR267CR 
2980858,FR267CR 
2980870,FR267CR 
2980880,FR267CR 
2980895,FR267CR 
2980903,FR267CR 
2980927,FR267CR 
2980859,FR267CR 
2980712,FR267C  
2980746,FR267C  
2980774,FR267C  
2980811,FR267C  
2980713,FR267C  
2981212,FRMBCL2L
2981213,FRMBCL2L
2981214,FRMBCL2L
2981215,FRMBCL2L
2981216,FRMBCL2L
2981217,FRMBCL2L
2981204,FRMCL2L 
2981205,FRMCL2L 
2981206,FRMCL2L 
2981207,FRMCL2L 
2981208,FRMCL2L 
2981209,FRMCL2L 
2981270,FRMCL2ML
2981271,FRMCL2ML
2981272,FRMCL2ML
2981273,FRMCL2ML
2981274,FRMCL2ML
2981275,FRMCL2ML
2978902,FT300   
2978903,FT300   
2978904,FT300   
2978905,FT300   
2978906,FT350   
2978907,FT350   
2978908,FT350   
2978909,FT350   
2979755,FTKV350 
2979756,FTKV350 
2979757,FTKV350 
2979758,FTKV350 
2980695,FTU707  
2980696,FTU707  
2980697,FTU707  
2980721,FTU708  
2980722,FTU708  
2980723,FTU708  
2980724,FTU708  
2980725,FTU708  
2981116,H1G     
2981117,H1G     
2981118,H1G     
2981119,H1G     
2981296,H1G     
2981297,H1G     
2981298,H1G     
2981120,H1G     
2981121,H1N     
2981122,H1N     
2981123,H1N     
2981124,H1N     
2981299,H1N     
2981300,H1N     
2981301,H1N     
2981125,H1N     
2981126,H1T     
2981127,H1T     
2981128,H1T     
2981129,H1T     
2981302,H1T     
2981303,H1T     
2981304,H1T     
2981130,H1T     
2980458,HS200V  
2980459,HS200V  
2980460,HS200V  
2980523,HS200V  
2980524,HS200V  
2980461,HS200V  
2980462,HS201V  
2980463,HS201V  
2980464,HS201V  
2980465,HS201V  
2980525,HS201V  
2980466,HS201V  
2982293,HV100   
2982294,HV100   
2982295,HV100   
2982296,HV100   
2982297,HV100   
2982323,HV200   
2982324,HV200   
2982325,HV200   
2982326,HV200   
2982327,HV200   
2982269,HV300   
2982270,HV300   
2982271,HV300   
2982272,HV300   
2982273,HV300   
2982098,KV100   
2982099,KV100   
2982100,KV100   
2982289,KV200   
2982290,KV200   
2982291,KV200   
2982292,KV200   
2980815,LFTU707 
2980816,LFTU707 
2980817,LFTU707 
2980818,LFTU707 
2980819,LFTU707 
2980820,LFTU707 
2980839,LFTU708 
2980840,LFTU708 
2980841,LFTU708 
2980842,LFTU708 
2980843,LFTU708 
2980844,LFTU708 
2980632,LTSCL2L 
2980633,LTSCL2L 
2980634,LTSCL2L 
2980653,LTSCL2L 
2980698,LTSCL2L 
2980635,LTSCL2L 
2980258,LVCL2   
2980259,LVCL2   
2980260,LVCL2ML 
2980261,LVCL2ML 
2980262,LVCL2ML 
2982034,MB100   
2982035,MB100   
2982036,MB100   
2982037,MB100   
2982274,MC500   
2982275,MC500   
2982276,MC500   
2982277,MC500   
2982278,MC500   
2982314,MG3211A 
2982315,MG3211A 
2982316,MG3211A 
2982317,MG3211A 
2979417,MG9648  
2979418,MG9648  
2979419,MG9648  
2979420,MG9648  
2979119,MG9694  
2979120,MG9694  
2979121,MG9694  
2979122,MG9694  
2979123,MG9694  
2979323,MG9756  
2979324,MG9756  
2979325,MG9756  
2979326,MG9756  
2982120,MG9796  
2982121,MG9796  
2982122,MG9796  
2982123,MG9796  
2982319,ML300A  
2982320,ML300A  
2982321,ML300A  
2982322,ML300A  
2982038,MR100   
2982039,MR100   
2982040,MR100   
2982041,MR100   
2982229,N6464   
2982230,N6464   
2982231,N6464   
2982232,N6464   
2978976,N9674   
2978977,N9674   
2978978,N9674   
2978979,N9674   
2982110,N9676DT 
2982111,N9676DT 
2982112,N9676DT 
2982113,N9676DT 
2982114,N9676DT 
2982182,N9676GKD
2982183,N9676GKD
2982184,N9676GKD
2982185,N9676GKD
2982186,N9676G  
2982187,N9676G  
2982188,N9676G  
2982189,N9676G  
2982085,N9677   
2982086,N9677   
2982087,N9677   
2982088,N9677   
2982089,N9677   
2982115,N96780  
2982116,N96780  
2982117,N96780  
2982118,N96780  
2982119,N96780  
2979337,N96783  
2979338,N96783  
2979339,N96783  
2979340,N96783  
2979341,N96783  
2979342,N96783  
2979570,N96785  
2979571,N96785  
2979572,N96785  
2979573,N96785  
2979574,N96785  
2979575,N96785  
2979020,N96790  
2979021,N96790  
2979022,N96790  
2979023,N96790  
2979024,N96790  
2979025,N96790  
2979039,N96793  
2979040,N96793  
2979041,N96793  
2979042,N96793  
2979043,N96793  
2979044,N96793  
2979182,N96795  
2979183,N96795  
2979184,N96795  
2979185,N96795  
2979186,N96795  
2979062,N96797  
2979063,N96797  
2979064,N96797  
2979065,N96797  
2979066,N96797  
2979067,N96797  
2978935,N9680   
2978936,N9680   
2978937,N9680   
2978938,N9680   
2978939,N9680   
2979532,N9690FC 
2979533,N9690FC 
2979552,N9690FCO
2979553,N9690FCO
2979554,N9690FCO
2979555,N9690FCO
2979534,N9690FC 
2979535,N9690FC 
2979516,N9690HV 
2979517,N9690HV 
2979518,N9690HV 
2979519,N9690HV 
2979462,N9690   
2979463,N9690   
2979464,N9690   
2982137,N9690TC 
2982138,N9690TC 
2982139,N9690TC 
2982140,N9690TC 
2982141,N9690TC 
2979465,N9690   
2979466,N9690   
2979920,N96930  
2979921,N96930  
2979922,N96930  
2979923,N96930  
2979924,N96930  
2979523,N9695   
2979524,N9695   
2979525,N9695   
2979526,N9695   
2978940,N9696   
2978941,N9696   
2978942,N9696   
2978943,N9696   
2978944,N9696   
2979090,N96970  
2979091,N96970  
2979092,N96970  
2979093,N96970  
2979094,N96970  
2979095,N96970  
2978910,N9699   
2978911,N9699   
2978912,N9699   
2978913,N9699   
2982154,N9878BNF
2982155,N9878BNF
2982156,N9878BNF
2982157,N9878BNF
2982158,N9878BNF
2978466,O20     
2978467,O21     
2978468,O22     
2978469,O23     
2980080,O40     
2980081,O41     
2980082,O42     
2980083,O43     
2980084,O44     
2980085,O47     
2980086,O48     
2977973,O4WBC   
2977974,O4WBC   
2977963,O4WPC   
2980095,O503    
2980096,O503    
2980121,O503    
2980122,O503    
2980123,O503    
2980097,O503    
2978568,O63     
2980233,O703    
2980234,O703    
2980235,O703    
2980299,O703    
2980300,O703    
2980301,O703    
2980236,O703    
2980093,O70BP   
2980119,O70J    
2980302,O722    
2980303,O722    
2980304,O722    
2980305,O722    
2980370,O722    
2980448,O722    
2980449,O722    
2980306,O722    
2980237,O72C    
2980238,O72C    
2980239,O72C    
2980240,O72C    
2980241,O72C    
2980307,O72C    
2980308,O72C    
2980242,O72C    
2981149,P1D2830 
2981150,P1D2832 
2981151,P1D2834 
2981152,P1D3030 
2981153,P1D3032 
2981154,P1D3034 
2981155,P1D3036 
2981156,P1D3230 
2981157,P1D3232 
2981158,P1D3234 
2981159,P1D3236 
2981160,P1D3430 
2981161,P1D3432 
2981162,P1D3434 
2981163,P1D3436 
2981164,P1D3630 
2981165,P1D3632 
2981166,P1D3634 
2981167,P1D3636 
2981168,P1D3830 
2981169,P1D3832 
2981170,P1D3834 
2981171,P1D3836 
2981172,P1D4030 
2981173,P1D4032 
2981174,P1D4034 
2981175,P1D4036 
2981176,P1D4230 
2981177,P1D4232 
2981178,P1D4234 
2981179,P1D4236 
2981180,P1D4430 
2981181,P1D4432 
2981182,P1D4434 
2981183,P1D4436 
2981184,P1D4630 
2981185,P1D4632 
2981186,P1D4634 
2981187,P1D4636 
2981188,P1D4830 
2981189,P1D4832 
2981190,P1D4834 
2981191,P1D4836 
2981192,P1D5030 
2981193,P1D5032 
2981194,P1D5034 
2981195,P1D5036 
2982190,PBP120  
2982191,PBP120  
2982192,PBP120  
2982193,PBP120  
2982194,PBP120  
2982195,PBP1206 
2982196,PBP1207 
2982197,PBP1208 
2982198,PBP1209 
2982210,PBS120  
2982211,PBS120  
2982212,PBS120  
2982213,PBS120  
2982214,PBS120  
2982215,PBS120  
2982216,PBS120  
2982217,PBS120  
2982218,PBS120  
2982301,PD2095A 
2982233,PD2901  
2982234,PD2901  
2982235,PD2901  
2982236,PD2901  
2982240,PD2902  
2982241,PD2902  
2982242,PD2902  
2982243,PD2902  
2982257,PD2903  
2982258,PD2903  
2982259,PD2903  
2982260,PD2903  
2982225,PD2904  
2982226,PD2904  
2982227,PD2904  
2982228,PD2904  
2982302,PD2905A 
2982303,PD2905A 
2982304,PD2905A 
2981027,PFCL3L  
2981826,PK3G    
2981827,PK3G    
2981828,PK3G    
2981829,PK3G    
2981830,PK3G    
2981831,PK3G    
2981880,PK3G    
2981881,PK3G    
2981882,PK3G    
2981883,PK3G    
2981884,PK3G    
2981885,PK3G    
2981832,PK3G    
2981833,PK3G    
2981834,PK3N    
2981835,PK3N    
2981836,PK3N    
2981837,PK3N    
2981838,PK3N    
2981839,PK3N    
2981886,PK3N    
2981887,PK3N    
2981888,PK3N    
2981889,PK3N    
2981890,PK3N    
2981891,PK3N    
2981840,PK3N    
2981841,PK3N    
2981848,PK5B    
2981849,PK5B    
2981850,PK5B    
2981851,PK5B    
2981852,PK5B    
2981853,PK5B    
2981900,PK5B    
2981901,PK5B    
2981902,PK5B    
2981903,PK5B    
2981904,PK5B    
2981905,PK5B    
2981854,PK5B    
2981855,PK5B    
2980568,PSV200  
2980603,PSV200  
2980604,PSV200  
2980889,PSV303  
2980890,PSV304  
2980891,PSV308  
2981057,S1G     
2981058,S1G     
2981059,S1G     
2981060,S1G     
2981061,S1G     
2981062,S1G     
2981131,S1G     
2981132,S1G     
2981133,S1G     
2981134,S1G     
2981063,S1G     
2981064,S1G     
2981065,S1N     
2981066,S1N     
2981067,S1N     
2981068,S1N     
2981069,S1N     
2981070,S1N     
2981135,S1N     
2981136,S1N     
2981137,S1N     
2981138,S1N     
2981071,S1N     
2981072,S1N     
2981073,S1T     
2981074,S1T     
2981075,S1T     
2981076,S1T     
2981077,S1T     
2981078,S1T     
2981139,S1T     
2981140,S1T     
2981141,S1T     
2981142,S1T     
2981079,S1T     
2981080,S1T     
2981034,S2CL3LZ 
2981035,S2CL3LZ 
2981036,S2CL3LZ 
2981037,S2CL3LZ 
2981038,S2CL3LZ 
2981039,S2CL3LZ 
2981040,S2CL3LZ 
2981794,SS1N    
2981795,SS1N    
2981796,SS1N    
2981797,SS1N    
2981812,SS1N    
2981813,SS1N    
2981814,SS1N    
2981798,SS1N    
2981799,SS2BK   
2981800,SS2BK   
2981801,SS2BK   
2981802,SS2BK   
2981815,SS2BK   
2981816,SS2BK   
2981817,SS2BK   
2981803,SS2BK   
2980904,SSCL3LZ 
2980905,SSCL3LZ 
2980906,SSCL3LZ 
2980907,SSCL3LZ 
2980908,SSCL3LZ 
2980909,SSCL3LZ 
2980910,SSCL3LZ 
2980911,SSCL3LZ 
2980486,STSCL2ML
2980487,STSCL2ML
2980488,STSCL2ML
2980539,STSCL2ML
2980540,STSCL2ML
2980489,STSCL2ML
2980541,STSCL2MS
2980542,STSCL2MS
2980543,STSCL2MS
2980544,STSCL2MS
2980570,STSCL2MS
2980545,STSCL2MS
2980419,STSCL2SL
2980420,STSCL2SL
2980421,STSCL2SL
2980422,STSCL2SL
2980490,STSCL2SL
2980423,STSCL2SL
2980263,STSL    
2980264,STSL    
2980265,STSL    
2980266,STSL    
2980267,STSL    
2980268,STSL    
2980726,SURVCL2L
2980727,SURVCL2L
2980728,SURVCL2L
2980729,SURVCL2L
2980730,SURVCL2L
2980731,SURVCL2L
2980732,SURVCL2O
2980733,SURVCL2O
2980734,SURVCL2O
2980735,SURVCL2O
2980736,SURVCL2O
2980737,SURVCL2O
2980750,SURVCL2P
2980751,SURVCL2P
2980752,SURVCL2P
2980753,SURVCL2P
2980754,SURVCL2P
2980755,SURVCL2P
2980756,SURVCL2P
2980757,SURVCL2P
2980758,SURVCL2P
2980759,SURVCL2P
2980760,SURVCL2P
2980761,SURVCL2P
2980584,SURVCL3L
2980585,SURVCL3L
2980586,SURVCL3L
2980605,SURVCL3L
2980606,SURVCL3L
2980587,SURVCL3L
2980607,SURVCL3O
2980608,SURVCL3O
2980609,SURVCL3O
2980610,SURVCL3O
2980611,SURVCL3O
2980612,SURVCL3O
2980389,SURVL   
2980390,SURVL   
2980391,SURVL   
2980392,SURVL   
2980393,SURVL   
2980394,SURVL   
2980467,SURVO   
2980468,SURVO   
2980864,SURVOV  
2980876,SURVOV  
2980469,SURVO   
2980470,SURVO   
2980471,SURVO   
2980472,SURVO   
2980395,TSCL2L  
2980473,TSCL2L  
2980569,TSCL2O  
2978123,TY120S  
2978124,TY120S  
2978127,TY120S  
2978131,TY120S  
2978142,TY120S  
2978125,TY120S  
2978150,TY122S  
2978154,TY122S  
2978157,TY122S  
2978158,TY122S  
2978151,TY122S  
2978129,TY125S  
2978136,TY125S  
2978152,TY125S  
2978155,TY125S  
2978130,TY125S  
2978143,TY127S  
2978153,TY127S  
2978156,TY127S  
2978159,TY127S  
2978144,TY127S  
2978116,TY210S  
2978117,TY210S  
2978126,TY210S  
2978128,TY210S  
2978141,TY210S  
2978118,TY210S  
2981092,UT38BP  
2981093,UT38BP  
2981094,UT38BP  
2981095,UT38BP  
2981096,UT38BP  
2981097,UT38BP  
2981098,UT38BP  
2981099,UT38BP  
2981308,UT38JH  
2981309,UT38JH  
2981310,UT38JH  
2981311,UT38JH  
2981312,UT38JH  
2981313,UT38JH  
2981314,UT38JH  
2981315,UT38JH  
2982391,V201    
2982393,V211R   
2982403,V211RXL 
2980654,VA220R  
2980655,VA220R  
2980656,VA220R  
2980699,VA220R  
2980657,VA220R  
2980658,VA221R  
2980659,VA221R  
2980660,VA221R  
2980700,VA221R  
2980661,VA221R  
2980251,VBCL2ML 
2980252,VBCL2ML 
2980253,VBCL2ML 
2980254,VBCL2ML 
2980255,VBCL2ML 
2980256,VBCL2ML 
2980257,VBCL2ML 
2980396,VCL2MLFR
2980397,VCL2MLFR
2980398,VCL2MLFR
2980399,VCL2MLFR
2980400,VCL2MLFR
2980401,VCL2MLFR
2980124,VCL2ML  
2980125,VCL2ML  
2980126,VCL2ML  
2980127,VCL2ML  
2980128,VCL2ML  
2980129,VCL2ML  
2980130,VCL2MLZ 
2980131,VCL2MLZ 
2980132,VCL2MLZ 
2980133,VCL2MLZ 
2980134,VCL2MLZ 
2980135,VCL2MLZ 
2980402,VCL2MOFR
2980403,VCL2MOFR
2980404,VCL2MOFR
2980405,VCL2MOFR
2980406,VCL2MOFR
2980407,VCL2MOFR
2980136,VCL2MO  
2980137,VCL2MO  
2980138,VCL2MO  
2980139,VCL2MO  
2980140,VCL2MO  
2980141,VCL2MO  
2980142,VCL2MOZ 
2980143,VCL2MOZ 
2980144,VCL2MOZ 
2980145,VCL2MOZ 
2980146,VCL2MOZ 
2980147,VCL2MOZ 
2980148,VCL2MOZ 
2980408,VCL2SLFR
2980409,VCL2SLFR
2980410,VCL2SLFR
2980411,VCL2SLFR
2980412,VCL2SLFR
2980413,VCL2SLFR
2980149,VCL2SL  
2980150,VCL2SL  
2980151,VCL2SL  
2980152,VCL2SL  
2980153,VCL2SL  
2980154,VCL2SL  
2980155,VCL2SO  
2980156,VCL2SO  
2980157,VCL2SO  
2980158,VCL2SO  
2980159,VCL2SO  
2980160,VCL2SO  
2980414,VCL3SL  
2980415,VCL3SL  
2980416,VCL3SL  
2980474,VCL3SL  
2980417,VCL3SL  
2982452,VP3204  
2982453,VP3204  
2978079,VP6015  
2978080,VP6015  
2978081,VP6015  
2978082,VP6015  
2981221,VT38BP  
2981222,VT38BP  
2981223,VT38BP  
2981224,VT38BP  
2981225,VT38BP  
2981226,VT38BP  
2981227,VT38BP  
2981228,VT38BP  
2981459,VT38JH  
2981460,VT38JH  
2981461,VT38JH  
2981462,VT38JH  
2981463,VT38JH  
2981464,VT38JH  
2981465,VT38JH  
2981466,VT38JH  
2980526,VWCCL2LF
2980527,VWCCL2LF
2980528,VWCCL2LF
2980529,VWCCL2LF
2980530,VWCCL2LF
2980531,VWCCL2LF
2980532,VWCCL2OF
2980533,VWCCL2OF
2980534,VWCCL2OF
2980535,VWCCL2OF
2980536,VWCCL2OF
2980537,VWCCL2OF
2980613,WCC     
2980738,WCC     
2980739,WCCL2LFR
2980740,WCCL2LFR
2980762,WCCL2LFR
2980785,WCCL2LFR
2980741,WCCL2LFR
2980314,WCC     
2980315,WCCL2L  
2980316,WCCL2L  
2980317,WCCL2L  
2980318,WCCL2L  
2980319,WCCL2L  
2980320,WCCL2L  
2980321,WCCL2L  
2980786,WCC     
2980787,WCCL2OFR
2980788,WCCL2OFR
2980823,WCCL2OFR
2980824,WCCL2OFR
2980789,WCCL2OFR
2980322,WCC     
2980323,WCCL2O  
2980324,WCCL2O  
2980325,WCCL2O  
2980326,WCCL2O  
2980327,WCCL2O  
2980662,WCC     
2980663,WCCL3L  
2980664,WCCL3L  
2980701,WCCL3L  
2980665,WCCL3L  
2980666,WCC     
2980667,WCCL3O  
2980668,WCCL3O  
2980669,WCCL3O  
2980475,XCL2ML  
2980476,XCL2ML  
2980477,XCL2ML  
2980478,XCL2ML  
2980479,XCL2ML  
2980480,XCL2MO  
2980481,XCL2MO  
2980482,XCL2MO  
2980483,XCL2MO  
2980484,XCL2MO  
2980485,XCL2MO  
2982261,Y200    
2982262,Y200    
2982263,Y200    
2982264,Y200    
2982279,Y300    
2982280,Y300    
2982281,Y300    
2982282,Y300    
2982310,ZB100   
2982311,ZB100   
2982312,ZB100   
2982313,ZB100   
